City,Fuel Type Code
ABBOTSFORD,1
ABERDEEN,11
ABILENE,3
ABINGDON,5
ABITA SPRINGS,2
ABSECON,1
ACAMPO,3
ACCORD,1
ACME,2
ACTON,7
ACWORTH,3
ADA,7
ADAIRSVILLE,1
ADAMSTOWN,1
ADDISON,6
ADRIAN,1
AFTON,1
AGAWAM,7
AGOURA,1
AGOURA HILLS,5
AHWAHNEE,1
AIEA,6
AIKEN,2
AIRWAY HEIGHTS,1
AK-CHIN INDIAN COMMUNITY,1
AKRON,15
AKWESASNE,1
ALABASTER,1
ALAMEDA,13
ALAMO,1
ALAMO HEIGHTS,1
ALAMOSA,2
ALBANY,66
ALBERT LEA,5
ALBERTVILLE,2
ALBIA,1
ALBION,2
ALBUQUERQUE,28
ALCOA,6
ALEDO,1
ALEXANDRIA,44
ALEXANDRIA BAY,1
ALGONA,1
ALGONQUIN,2
ALHAMBRA,5
ALIQUIPPA,1
ALISO VIEJO,10
ALLEN,7
ALLEN PARK,2
ALLENDALE CHARTER TOWNSHIP,2
ALLENTOWN,18
ALLSTON,1
ALMA,1
ALMONT,1
ALOHA,1
ALPHARETTA,46
ALPINE,2
ALSTON,1
ALTA,1
ALTAMONT,1
ALTAMONTE SPRINGS,4
ALTAVISTA,2
ALTO,1
ALTON,4
ALTOONA,11
ALTOS HILLS,1
ALTURAS,1
ALVARADO,1
ALVIN,1
ALYS BEACH,1
AMAGANSETT,1
AMARGOSA VALLEY,1
AMARILLO,6
AMBLER,6
AMELIA ISLAND,1
AMENIA,3
AMER CYN,2
AMERICAN CANYON,1
AMERICAN FORK,2
AMERICUS,1
AMERST,1
AMES,5
AMESBURY,6
AMHERST,26
AMITY,2
AMITYVILLE,3
AMMON,1
AMSTERDAM,2
ANACORTES,5
ANADARKO,1
ANAHEIM,74
ANCHORAGE,8
ANCRAM,1
ANDALUSIA,1
ANDERSON,6
ANDOVER,9
ANGOLA,6
ANGWIN,1
ANKENY,4
ANN ARBOR,24
"ANN ARBOR, MI",1
ANNANDALE,3
ANNANDALE-ON-HUDSON,2
ANNAPOLIS,31
ANNAPOLIS JUNCTION,3
ANOKA,1
ANSTED,2
ANTELOPE,1
ANTHEM,1
ANTIOCH,10
ANTLERS,1
ANZA,2
APACHE JUNCTION,2
APALACHICOLA,7
APEX,1
APOLLO BEACH,2
APOPKA,6
APPLE VALLEY,3
APPLETON,9
APTOS,4
AQUEBOGUE,1
ARANSAS PASS,1
ARBOVALE,1
ARBUCKLE,1
ARBUTUS,1
ARCADE,1
ARCADIA,13
ARCATA,2
ARCHBOLD,1
ARCHDALE,2
ARCHER,1
ARDEN HILLS,1
ARDMORE,5
ARKANSAS CITY,1
ARKVILLE,1
ARLETA,1
ARLINGTON,113
ARLINGTON HEIGHTS,5
ARNOLD,4
ARROYO GRANDE,4
ARTESIA,1
ARUNDEL,1
ARVADA,12
ARVIN,2
ASBURY PARK,2
ASHBURN,20
ASHEBORO,4
ASHEVILLE,33
ASHFORD,3
ASHLAND,25
ASHLAND CITY,1
ASHTON,1
ASHVILLE,1
ASHWAUBENON,3
ASPEN,20
ASTOIRA,1
ASTORIA,8
ATASCADERO,3
ATHENS,25
ATHERTON,3
ATHOL,1
ATLANTA,326
ATLANTIC CITY,5
ATOKA,1
ATTICA,2
ATWATER,3
AU SABLE FORKS,1
AUBREY,1
AUBURN,45
AUBURN HILLS,9
AUGUSTA,18
AULANDER,1
AURORA,52
AUSTELL,2
AUSTIN,290
AUSTINBURG,1
AVALON,2
AVENEL,1
AVENTURA,15
AVERILL PARK,1
AVILA BEACH,2
AVOCA,1
AVON,23
AVON PARK,3
AVONDALE,4
AVONDALE ESTATES,1
AYER,1
AZTEC,1
AZUSA,8
BABYLON,2
BAD AXE,1
BAILEYS HARBOR,2
BAILEYVILLE,1
BAINBRIDGE ISLAND,5
BAKER,4
BAKER CITY,1
BAKERSFIELD,21
BAL HARBOUR,3
BALA CYNWYD,2
BALCONES HEIGHTS,2
BALDWIN,2
BALDWIN PARK,3
BALDWIN PLACE,2
BALDWINSVILLE,1
BALLSTON SPA,1
BALLWIN,3
BALLY,1
BALTIMORE,185
BANDERA,1
BANDON,5
BANGOR,3
BANKS,2
BANNER ELK,2
BANNING,4
BAR HARBOR,8
BARABOO,1
BARBOURSVILLE,1
BARDSTOWN,3
BARKHAMSTED,1
BARNARD,2
BARNEGAT,1
BARNSTABLE,17
BARRE,6
BARRINGTON,6
BARSTOW,7
BARTLESVILLE,1
BARTLETT,2
BARTON,1
BARTOW,1
BASALT,3
BASKING RIDGE,6
BASTROP,1
BATAVIA,6
BATON ROUGE,23
BATTLE CREEK,4
BATTLE MOUNTAIN,1
BAXTER,2
BAY CITY,4
BAY HARBOR,1
BAY HARBOR ISLANDS,2
BAY LAKE,1
BAY POINT,1
BAY SAINT LOUIS,1
BAY SHORE,4
BAYSIDE,1
BAYTOWN,3
BEACH HAVEN,3
BEACON,4
BEACON FALLS,1
BEAR MOUNTAIN,2
BEATTY,2
BEAUFORT,5
BEAUMONT,6
BEAVER,2
BEAVER CREEK,2
BEAVER FALLS,1
BEAVERCREEK,3
BEAVERTON,19
BECKET,1
BECKLEY,1
BEDFORD,16
BEDFORD HEIGHTS,1
BEDFORD HILLS,4
BEDMINSTER,1
BEE CAVE,5
BEECH ISLAND,1
BEL AIR,8
BELAIR,1
BELCAMP,1
BELFAIR,1
BELFAST,1
BELGRADE,1
BELLAIRE,1
BELLE PLAINE,1
BELLE VERNON,1
BELLEFONTAINE,1
BELLEFONTE,5
BELLEVILLE,5
BELLEVUE,95
BELLFLOWER,3
BELLINGHAM,24
BELLMEAD,2
BELLMORE,1
BELLVILLE,1
BELMONT,11
BELOIT,1
BELPRE,1
BELTON,5
BELTSVILLE,2
BELVEDERE,1
BELVEDERE TIBURON,3
BEMIDJI,4
BEND,25
BENICIA,3
BENNETTSVILLE,1
BENNINGTON,4
BENSALEM,4
BENSENVILLE,2
BENSON,3
BENTLEYVILLE,2
BENTON,1
BENTON CITY,1
BENTON HARBOR,5
BENTONVILLE,12
BEREA,3
BERGEN,2
BERGENFIELD,1
BERKELEY,23
BERKELEY HEIGHTS,2
BERKELEY SPRINGS,5
BERLIN,4
BERNARDSVILLE,3
BERRYVILLE,1
BERTHOUD,1
BERWYN,7
BERWYN HEIGHTS,1
BESSEMER,1
BESSEMER CITY,1
BETHANY,2
BETHANY BEACH,1
BETHEL,5
BETHEL PARK,1
BETHESDA,30
BETHLEHEM,18
BETHPAGE,1
BETTENDORF,2
BETTERTON,1
BEULAH,1
BEVERLY,12
BEVERLY HILLS,36
BEXLEY,3
BIG BEND,1
BIG RAPIDS,3
BIG SKY,4
BIG SUR,5
BIG TIMBER,1
BIGFORK,1
BIGLAKE,1
BIGLERVILLE,1
BILLERICA,2
BILLINGS,4
BILOXI,10
BINGER,1
BINGHAMTON,12
BIRCH RUN,1
BIRCHWOOD,1
BIRD IN HAND,1
BIRMINGHAM,23
BISBEE,1
BISCOE,1
BISHOP,2
BISMARCK,4
BIXBY,1
BLACK HAWK,2
BLACK MOUNTAIN,1
BLACKSBURG,9
BLACKSTONE,2
BLACKWELL,2
BLAINE,9
BLAIRSVILLE,2
BLANCHARD,1
BLANDING,1
BLAUVELT,1
BLOOMFIELD,10
BLOOMFIELD HILLS,3
BLOOMFIELD TOWNSHIP,1
BLOOMINGDALE,2
BLOOMINGTON,37
BLOOMSBURG,4
BLOWING ROCK,7
BLUE ASH,2
BLUE BELL,2
BLUE EYE,1
BLUE LAKE,2
BLUE MOUNTAIN LAKE,1
BLUE RIDGE,1
BLUE SPRINGS,7
BLUEFIELD,2
BLUEMONT,1
BLUFF,2
BLUFFTON,6
BLYTHE,4
BLYTHEWOOD,2
BOARDMAN,1
BOAZ,1
BOCA RATON,36
BOCK,1
BODEGA BAY,2
BOERNE,3
BOHEMIA,2
BOICEVILLE,1
BOILING SPRINGS,1
BOISE,31
BOLINGBROOK,8
BOLIVAR,3
BOLTON,2
BOLTON LANDING,1
BONITA SPRINGS,3
BONNERS FERRY,2
BOONE,8
BOONSBORO,1
BOONTON,1
BOONVILLE,1
BOOTHBAY,1
BOOTHBAY HARBOR,1
BORDENTOWN,1
BOSSIER CITY,4
BOSTON,123
BOTHELL,15
BOTTINEAU,2
BOULDER,90
BOULDER CITY,1
BOUND BROOK,1
BOURBONNAIS,1
BOURNE,3
BOW,2
BOWIE,11
BOWLING GREEN,19
BOWMANSVILLE,2
BOX ELDER,1
BOXFORD,3
BOYCE,2
BOYERTOWN,1
BOYNE FALLS,1
BOYNTON BEACH,8
BOZEMAN,7
BRACEVILLE,1
BRADDOCK,1
BRADENTON,13
BRADENTON BEACH,3
BRADFORD,5
BRADLEY,2
BRAINERD,1
BRAINTREE,8
BRAMBLETON,2
BRANCHBURG,3
BRANCHPORT,1
BRANDON,5
BRANDYWINE,1
BRANFORD,6
BRANSON,9
BRANTLEY,1
BRASELTON,5
BRATTLEBORO,12
BRAZORIA,2
BREA,12
BREAUX BRIDGE,1
BRECKENRIDGE,13
BREEZEWOOD,1
BREMEN,1
BREMERTON,9
BRENHAM,2
BRENTWOOD,28
BRETTON WOODS,2
BREVARD,3
BREWER,2
BREWSTER,3
BRIAN HEAD,1
BRICK,2
BRIDGEHAMPTON,1
BRIDGEPORT,12
BRIDGEVILLE,2
BRIDGEWATER,4
BRIDGEWATER TOWNSHIP,3
BRIDGTON,2
BRIGANTINE,1
BRIGHAM CITY,3
BRIGHTON,8
BRIMLEY,1
BRISBANE,3
BRISTOL,10
BRISTOW,2
BROAD RUN,2
BROADVIEW HEIGHTS,1
BROCKPORT,2
BROCKTON,5
BROKEN ARROW,5
BROKEN BOW,1
BRONX,13
BRONXVILLE,2
BROOKFIELD,4
BROOKHAVEN,7
BROOKINGS,2
BROOKLINE,7
BROOKLYN,75
BROOKLYN PARK,9
BROOKS,2
BROOKSHIRE,1
BROOKSVILLE,1
BROOKTONDALE,1
BROOMFIELD,14
BROOMFILED,1
BROWNTOWN,1
BRUNSWICK,15
BRUSH,1
BRYAN,7
BRYN MAWR,1
BUCKEYE,3
BUCYRUS,2
BUDD LAKE,1
BUELLTON,3
BUENA PARK,12
BUENA VISTA,3
BUFFALO,64
BUFFALO GROVE,7
BUFORD,7
BUNKER HILL,1
BURBANK,38
BURDETT,3
BURGAW,1
BURIEN,4
BURKBURNETT,1
BURLESON,4
BURLEY,2
BURLINGAME,8
BURLINGTON,55
BURNS,3
BURNS HARBOR,1
BURNSVILLE,7
BURR RIDGE,1
BURRILLVILLE,3
BURTON,1
BUSHKILL,1
BUSHNELL,1
BUTLER,1
BUTTE,2
BUTTONWILLOW,2
BUXTON,1
BUZZARDS BAY,1
BWI AIRPORT,2
BYERS,1
BYHALIA,1
BYRON,2
BYRON CENTER,2
CABAZON,10
CABINS,1
CADILLAC,3
CALABASAS,5
CALABASH,1
CALAIS,1
CALDWELL,2
CALEDONIA,1
CALHOUN,1
CALIFORNIA,3
CALIFORNIA CITY,1
CALIMESA,3
CALISTOGA,21
CALLICOON,1
CALUMET,2
CALUMET CITY,1
CALVERTON,1
CAMANO,1
CAMARILLO,15
CAMAS,1
CAMBRIA,6
CAMBRIDGE,57
CAMBRIDGE SPRINGS,1
CAMDEN,7
CAMERON PARK,1
CAMP VERDE,1
CAMPBELL,17
CAMPTON,1
CANAL WINCHESTER,1
CANANDAIGUA,4
CANBY,2
CANNON BALL,1
CANNON BEACH,7
CANNON FALLS,1
CANOGA PARK,8
CANONSBURG,2
CANTON,21
CANTUA CREEK,1
CANYON,2
CANYON COUNTRY,1
CANYON LAKE,1
CANYON POINT,1
CANYONVILLE,2
CAPE CANAVERAL,2
CAPE CARTERET,1
CAPE CORAL,1
CAPE ELIZABETH,2
CAPE GIRARDEAU,2
CAPE MAY,3
CAPE MAY COURT HOUSE,1
CAPITOL HEIGHTS,1
CAPITOLA,4
CAPTIVA,1
CARBONDALE,10
CAREFREE,2
CAREY,1
CARLINVILLE,1
CARLISLE,6
CARLSBAD,29
CARLTON,3
CARMEL,15
CARMEL BY THE SEA,1
CARMEL VALLEY,1
CARMEL-BY-THE-SEA,7
CARMICHAEL,1
CARNEYS POINT,1
CAROL STREAM,2
CAROLINA,1
CARPENTERSVILLE,1
CARPINTERIA,5
CARRABASSETT VALLEY,1
CARRBORO,1
CARRIZO SPRINGS,1
CARROLL,1
CARROLLTON,8
CARSON,10
CARSON CITY,9
CARTERET,1
CARTERSVILLE,3
CARTERVILLE,1
CARTHAGE,1
CARY,26
CASA GRANDE,3
CASCADE,1
CASCADE LOCKS,1
CASCO,1
CASHIERS,1
CASHTON,1
CASPER,1
CASSELBERRY,1
CASSELLBERRY,1
CASSOPOLIS,1
CASTAIC,2
CASTILE,1
CASTINE,1
CASTLE DALE,1
CASTLE HAYNE,1
CASTLE ROCK,6
CASTLETON,1
CASTRO VALLEY,3
CASTROVILLE,2
CATALINA,1
CATHEDRAL CITY,7
CATHLAMET,2
CATONSVILLE,5
CATOOSA,2
CATSKILL,2
CAVE CREEK,2
CAYCE,2
CAYUCOS,2
CAZADERO,1
CAZENOVIA,3
CECILTON,1
CEDAR CITY,7
CEDAR FALLS,5
CEDAR GROVE,1
CEDAR HILL,3
CEDAR KNOLLS,1
CEDAR LAKE,2
CEDAR PARK,10
CEDAR RAPIDS,13
CEDARBURG,1
CEDARTOWN,1
CELEBRATION,4
CELINA,1
CELORON,1
CENTENNIAL,11
CENTER LOVELL,1
CENTER MORICHES,1
CENTER VALLEY,1
CENTEREACH,1
CENTERVILLE,6
CENTRAL POINT,2
CENTRAL VALLEY,2
CENTRALIA,3
CENTREVILLE,5
CERES,1
CERRITOS,10
CHADDS FORD,2
CHADRON,1
CHALFONT,2
CHAMBERSBURG,3
CHAMBLEE,3
CHAMPAIGN,14
CHAMPIONSGATE,6
CHAMPLAIN,1
CHANDLER,43
CHANHASSEN,2
CHANNELVIEW,2
CHANTILLY,6
CHAPEL HILL,16
CHAPPAQUA,4
CHARLEMONT,1
CHARLES CITY,1
CHARLES TOWN,2
CHARLESTON,25
CHARLESTOWN,2
CHARLEVOIX,1
CHARLOTTE,99
CHARLOTTESVILLE,19
CHARLTON,4
CHATFIELD,1
CHATHAM,2
CHATSWORTH,16
CHATT HILLS,1
CHATTANOOGA,43
CHEEKTOWAGA,3
CHEHALIS,1
CHELAN,5
CHELMSFORD,11
CHELSEA,3
CHENTILLY,1
CHEROKEE,4
"CHEROKEE,",1
CHERRY HILL,10
CHERRY VALLEY,2
CHESAPEAKE,10
CHESAPEAKE BEACH,1
CHESHIRE,2
CHESTER,8
CHESTERBROOK,2
CHESTERFIELD,4
CHESTERTON,1
CHESTERTOWN,8
CHESTNUT HILL,2
CHEVERLY,2
CHEVY CHASE,3
CHEYENNE,4
CHICAGO,164
CHICAGO HEIGHTS,1
CHICAGO RIDGE,1
CHICKASHA,3
CHICO,11
CHICOPEE,6
CHILDRESS,2
CHILLICOTHE,4
CHINCOTEAGUE ISLAND,1
CHINO,7
CHINO HILLS,6
CHIPLEY,1
CHIRIACO SUMMIT,1
CHISAGO CITY,1
CHISHOLM,2
CHITTENDEN,1
CHOCTAW,1
CHOWCHILLA,2
CHRISTIANSBURG,3
CHRISTMAS VALLEY,1
CHUBBUCK,1
CHULA VISTA,27
CHURCHVILLE,3
CICERO,3
CINCINNATI,42
CIRCLE PINES,1
CISCO,1
CITRUS HEIGHTS,6
CITY OF INDUSTRY,12
CLACKAMAS,4
CLANTON,1
CLARA CITY,1
CLARE,3
CLAREMONT,9
CLAREMORE,2
CLARENCE,2
CLARENDON,1
CLARINDA,1
CLARION,2
CLARK,1
CLARKESVILLE,1
CLARKSBURG,3
CLARKSTON,4
CLARKSVILLE,18
CLATSKANIE,1
CLAVERACK-RED MILLS,1
CLAY,2
CLAYCOMO,2
CLAYMONT,1
CLAYTON,6
CLAYVILLE,1
CLE ELUM,4
CLEAR LAKE,1
CLEAR SPRING,1
CLEARFIELD,3
CLEARLAKE OAKS,1
CLEARWATER,21
CLEARWATER BEACH,5
CLEMSON,6
CLERMONT,13
CLEVELAND,20
CLIFTON,1
CLIFTON FORGE,1
CLIFTON HEIGHTS,1
CLIFTON PARK,15
CLIFTON SPRINGS,1
CLINTON,15
CLINTON CORNERS,1
CLINTON TOWNSHIP,3
CLINTONVILLE,1
CLIO,1
CLIVE,1
CLOQUET,2
CLOSTER,2
CLOUDCROFT,1
CLOVERDALE,2
CLOVIS,18
CLUTE,2
CLYDE,1
COACHELLA,2
COALINGA,7
COALVILLE,1
COARSEGOLD,1
COATESVILLE,1
COBLESKILL,1
COCKEYSVILLE,4
COCOA,6
COCOA BEACH,6
COCONUT CREEK,4
COCONUT GROVE,2
CODY,2
COEUR D'ALENE,5
COEUR DALENE,3
COFFEE CREEK,2
COHASSET,4
COHOES,10
COLBY,2
COLCHESTER,5
COLD SPRING HARBOR,1
COLDWATER,2
COLEBROOK,2
COLEHARBOR,1
COLFAX,3
COLLEGE PARK,23
COLLEGE PLACE,1
COLLEGE POINT,1
COLLEGE STATION,10
COLLEGEDALE,2
COLLEGEVILLE,2
COLLEYVILLE,2
COLLINSVILLE,1
COLMA,3
COLONIAL BEACH,1
COLONIE,3
COLORADO SPRINGS,38
COLTON,6
COLUMBIA,89
COLUMBIA CITY,1
COLUMBIANA,1
COLUMBUS,156
COLUSA,1
COLVILLE,2
COLWICH,1
COMFORT,1
COMMERCE,8
COMMERCE CHARTER TOWNSHIP,2
COMMERCE CITY,2
COMPTON,1
COMSTOCK,1
COMSTOCK PARK,1
CONCORD,48
CONCORDVILLE,1
CONCRETE,1
CONDON,1
CONIFER,1
CONNELL,1
CONOVER,2
CONROE,10
CONSHOHOCKEN,5
CONWAY,14
CONYERS,3
COOK,3
COOKE CITY,1
COOKEVILLE,8
COON RAPIDS,1
COOPERSBURG,2
COOPERSTOWN,3
COOS BAY,3
COPALIS CROSSING,1
COPIAGUE,1
COPLEY,1
COPPELL,9
CORAL GABLES,19
CORAL SPRINGS,4
CORALVILLE,5
CORDELE,3
CORDOVA,2
CORFU,1
CORINTH,5
CORNELIA,2
CORNELIUS,7
CORNING,6
CORNWALL,1
CORONA,23
CORONA DEL MAR,1
CORONADO,6
CORPUS CHRISTI,10
CORSICANA,1
CORTE MADERA,6
CORTEZ,1
CORTLAND,2
CORTLANDT,1
CORTLANDT MANOR,1
CORVALLIS,17
COSTA MESA,32
COTATI,3
COTTAGE GROVE,6
COTTEKILL,1
COTTONWOOD,1
COUGAR,1
COULEE CITY,1
COUNCIL BLUFFS,3
COUNTRY CLUB HILLS,1
COUNTRYSIDE,4
COVENTRY,3
COVINA,5
COVINGTON,13
COXSACKIE,1
CRAFTON,1
CRAFTSBURY COMMON,1
CRAIG,2
CRANBERRY,1
CRANBURY,2
CRANFORD,1
CRANSTON,5
CRATER LAKE,1
CRAWFORDSVILLE,2
CREEDE,1
CREIGHTON,1
CRESCENT CITY,4
CRESTED BUTTE,6
CRESTON,1
CRESTWOOD,1
CREVE COEUR,3
CRIPPLE CREEK,4
CROFTON,1
CROSBY,1
CROSS PLAINS,2
CROSSVILLE,2
CROTON-ON-HUDSON,2
CROWN POINT,1
CROZET,1
CRYSTAL LAKE,5
CRYSTAL RIVER,5
CUERO,2
CULLMAN,3
CULLOWHEE,2
CULPEPER,1
CULVER CITY,24
CUMBERLAND,5
CUMMING,7
CUPERTINO,23
CUSSETA,4
CUSTER,14
CUTCHOGUE,1
CUTLER BAY,1
CUYAHOGA FALLS,4
CYPRESS,3
CYPRESS GARDENS,1
D'IBERVILLE,1
DACULA,1
DADE CITY,3
DAGSBORO,1
DAHLGREN,1
DAHLONEGA,7
DAKOTA,1
DAKOTA CITY,1
DALLAS,138
DALTON,4
DALY CITY,10
DANA POINT,3
DANBURY,14
DANBY,1
DANDRIDGE,1
DANFORTH,1
DANIA BEACH,9
DANVERS,8
DANVILLE,20
DAPHNE,3
DARIEN,7
DARIEN CENTER,1
DARLINGTON,1
DARNESTOWN,1
DARTMOUTH,1
DATELAND,1
DAVENPORT,24
DAVIDSON,4
DAVIE,13
DAVIS,36
DAWSONVILLE,3
DAYTON,30
DAYTONA BEACH,14
DAYTONA BEACH SHORES,2
DE FUNIAK SPRINGS,1
DE SOTO,1
DE WITT,1
DEADWOOD,1
DEARBORN,1
DEARBORN HEIGHTS,1
DEATH VALLEY,2
DEBARY,1
DECATUR,26
DECORAH,2
DEDHAM,3
DEEP RIVER,1
DEER ISLAND,1
DEER PARK,5
DEERFIELD,1
DEERFIELD BEACH,4
DEFOREST,1
DEFUNIAK SPRINGS,1
DEKALB,1
DEKALB JUNCTION,1
DEL CITY,1
DEL MAR,8
DEL MONTE FOREST,4
DEL NORTE,1
DEL RIO,1
DELAND,7
DELANO,3
DELAVAN,1
DELAWARE,2
DELHI,3
DELL,1
DELLROY,1
DELMAR,16
DELPHOS,1
DELRAN,1
DELRAY BEACH,13
DELTA,2
DELTAVILLE,1
DELTONA,6
DEMAREST,1
DEMING,2
DENALI NATIONAL PARK AND PRESERVE,1
DENISON,2
DENNIS,1
DENTON,13
DENVER,176
DENVILLE,3
DEPEW,2
DEPOE BAY,1
DEPTFORD,1
DEPTFORD TOWNSHIP,1
DERBY,1
DERBY LINE,1
DERIDDER,1
DERRY,1
DES MOINES,17
DES PLAINES,10
DESERT CENTER,1
DESERT HOT SPRINGS,2
DESOTO,2
DESTIN,8
DETROIT,55
DETROIT LAKES,1
DEVENS,3
DEVON,3
DEWEY BEACH,1
DEWITT,1
DEXTER,1
DFW AIRPORT,7
DIAMOND BAR,13
DICKINSON,2
DICKSON,4
DIGHTON,2
DILLSBORO,1
DINOSAUR,2
DIX HILLS,1
DIXON,4
DOBBS FERRY,1
DOBSON,2
DODGE CITY,1
DOLORES,1
DORAL,15
DORSET,2
DOTHAN,2
DOUGLAS,3
DOUGLAS CITY,1
DOUGLASSVILLE,1
DOUGLASVILLE,3
DOVER,12
DOWELL,1
DOWNERS GROVE,8
DOWNEY,28
DOWNIEVILLE,1
DOWNSVILLE,1
DOWS,1
DOYLESTOWN,2
DRAKESBORO,1
DRAPER,18
DRESDEN,1
DRESHER,1
DREXEL HILL,1
DRIGGS,1
DRIPPING SPRINGS,3
DRY RIDGE,1
DRYDEN,1
DUARTE,3
DUBLIN,48
DUBOIS,2
DUBUQUE,7
DUCK,4
DUCKTOWN,2
DUDLEY,2
DULLES,4
DULUTH,26
DUMAS,2
DUNCANVILLE,2
DUNDALK,1
DUNDEE,7
DUNEDIN,11
DUNKIRK,3
DUNMORE,1
DUNN,3
DUNNELLON,1
DUNNIGAN,2
DUNSEITH,1
DUNSMUIR,3
DUNWOODY,2
DUPONT,3
DURANGO,9
DURANT,3
DURHAM,47
DUTCH FLAT,1
DWIGHT,1
DYER,1
DYERSBURG,1
E. PALO ALTO,1
EAGAN,6
EAGLE,7
EAGLE PASS,1
EAGLEVILLE,3
EARLY,1
EASLEY,1
EAST ALTON,1
EAST AURORA,2
EAST BOOTHBAY,1
EAST BROOKFIELD,1
EAST BRUNSWICK,8
EAST ELLIJAY,1
EAST ELMHURST,2
EAST GLACIER PARK,1
EAST GRANBY,1
EAST GREENBUSH,1
EAST GREENWICH,3
EAST HADDAM,1
EAST HAMPTON,6
EAST HANOVER,1
EAST HARTFORD,5
EAST HAVEN,1
EAST LANSING,12
EAST LIBERTY,1
EAST LOS ANGELES,1
EAST NORRITON,3
EAST NORWICH,1
EAST PALO ALTO,2
EAST PEORIA,3
EAST PEORRIA,2
EAST PETERSBURG,1
EAST POINT,2
EAST PROVIDENCE,7
EAST ROCHESTER,2
EAST RUTHERFORD,1
EAST STROUDSBURG,1
EAST SYRACUSE,3
EAST TAWAS,1
EAST TROY,1
EAST WENATCHEE,2
EAST WINDSOR,1
EAST YORK,1
EASTHAM,2
EASTHAMPTON,4
EASTLAND,1
EASTON,10
EASTPOINT,2
EASTPOINTE,1
EASTPORT,1
EASTSOUND,2
EATONTON,1
EATONTOWN,3
EAU CLAIRE,5
EDEN PRAIRIE,5
EDENTON,1
EDGARTOWN,2
EDGEWATER,6
EDGEWOOD,1
EDINA,5
EDINBURG,1
EDINBURGH,1
EDISON,3
EDMOND,15
EDMONDS,13
EDMONSTON,1
EDWARDS,7
EDWARDSVILLE,3
EFFINGHAM,3
EGG HARBOR,2
EGG HARBOR TOWNSHIP,5
EHRENBERG,1
EL CAJON,14
EL CENTRO,3
EL CERRITO,3
EL DORADO,2
EL DORADO HILLS,7
EL DORADO OCL,2
EL JEBEL,3
EL MONTE,13
EL PASO,20
EL PRADO,1
EL RENO,3
EL SEGUNDO,28
ELBERTON,2
ELDERSBERG,1
ELEELE,1
ELGIN,7
"ELGIN,",1
ELIZABETH,5
ELIZABETH CITY,2
ELIZABETHTON,1
ELIZABETHTOWN,8
ELK,2
ELK CITY,3
ELK GROVE,16
ELK GROVE VILLAGE,6
ELK HORN,2
ELK RIVER,3
ELKHART,2
ELKHORN,3
ELKIN,6
ELKINS PARK,1
ELKO,4
ELKRIDGE,7
ELKTON,2
ELLENSBURG,4
ELLENTON,1
ELLENVILLE,1
ELLENWOOD,3
ELLICOTT CITY,5
ELLICOTTVILLE,2
ELLINGTON,2
ELLIOTT CITY,1
ELLISON BAY,1
ELLSWORTH,1
ELMA,1
ELMER,1
ELMHURST,4
ELMIRA,3
ELMSFORD,1
ELMWOOD PARK,1
ELON,1
ELVERSON,1
ELY,2
ELYRIA,1
EMERALD ISLE,1
EMERYVILLE,16
EMIGRANT GAP,1
EMMETSBURG,1
EMMITSBURG,1
EMPORIA,4
ENCINAL,2
ENCINITAS,5
ENCINO,5
ENDICOTT,1
ENFIELD,4
ENGLEWOOD,16
ENID,3
ENNIS,1
ENTERPRISE,2
ENTIAT,1
EPHRAIM,3
EPHRATA,7
ERICK,1
ERIE,10
ERLANGER,1
ERVING,1
ERWIN,1
ESCALANTE,2
ESCANABA,1
ESCONDIDO,29
ESSEX,5
ESSEX JUNCTION,2
ESTACADA,2
ESTES PARK,10
ESTHERVILLE,1
ETLAN,1
ETOWAH,1
EUGENE,20
EULESS,1
EUNICE,2
EUREKA,12
EUREKA SPRINGS,3
EUSTIS,3
EVANS,2
EVANSDALE,1
EVANSTON,17
EVANSVILLE,8
EVART,2
EVERETT,15
EVERGREEN,3
EVERGREEN PARK,2
EVERSON,1
EVESHAM TOWNSHIP,2
EWA BEACH,2
EWING,1
EWING TOWNSHIP,1
EXCELSIOR,1
EXETER,4
EXTON,9
FAIR HAVEN,2
FAIR LAWN,1
FAIR OAKS,4
FAIRBORN,3
FAIRBURN,2
FAIRFAX,28
FAIRFIELD,51
FAIRLEE,1
FAIRLESS HILLS,1
FAIRMOUNT,1
FAIRPLAY,1
FAIRPORT,8
FAIRVIEW,1
FALCON HEIGHTS,1
FALL RIVER,3
FALLBROOK,3
FALLON,2
FALLS CHURCH,13
FALLS CITY,1
FALLS CREEK,1
FALLSTON,1
FALMOUTH,8
FANCY GAP,1
FANWOOD,1
FARGO,12
FARMERS BRANCH,4
FARMINGDALE,4
FARMINGTON,15
FARMINGTON HILLS,4
FARMVILLE,3
FARR WEST,1
FAYETTEVILLE,29
FAYSTON,1
FEASTERVILLE,2
FEASTERVILLE-TREVOSE,3
FEDERAL HEIGHTS,2
FEDERAL WAY,6
FEDERALSBURG,1
FELTON,2
FENNIMORE,1
FENTON,3
FERGUS FALLS,2
FERNANDINA BEACH,8
FERNDALE,8
FERNLEY,1
FESTUS,2
FIFE,3
FILLMORE,4
FINCASTLE,1
FINDLAY,3
FINKSBURG,2
FIREBAUGH,4
FIRESTONE,1
FISH CAMP,2
FISH CREEK,1
FISHERS,4
FISHKILL,2
FITCHBURG,7
FLAGLER,1
FLAGLER BEACH,1
FLAGSTAFF,18
FLANDERS,1
FLAT ROCK,4
FLATONIA,1
FLEMING ISLAND,2
FLEMINGTON,5
FLETCHER,3
FLINT,1
FLINTSTONE,1
FLORENCE,21
FLORESVILLE,1
FLORHAM PARK,1
FLORIDA CITY,3
FLORISSANT,2
FLOSSMOOR,1
FLOWER MOUND,1
FLOWERY BRANCH,1
FLOYD,3
FLUSHING,11
FOGELSVILLE,1
FOLEY,5
FOLSOM,20
FOND DU LAC,2
FONTANA,10
FONTANA-ON-GENEVA LAKE,1
FOOTHILL RANCH,2
FOREST,1
FOREST CITY,2
FOREST GROVE,5
FOREST HEIGHTS,1
FOREST HILL,1
FOREST HILLS,5
FOREST LAKE,1
FOREST PARK,2
FORESTBURGH,1
FORESTVILLE,1
FORKED RIVER,1
FORKS,4
FORREST CITY,1
FORSYTH,4
FORT ATKINSON,1
FORT BENNING,4
FORT BRAGG,5
FORT COLLINS,49
FORT DAVIS,1
FORT DODGE,3
FORT IRWIN,3
FORT KLAMATH,1
FORT LAUDERDALE,51
FORT LEE,2
FORT LOUDON,1
FORT LUPTON,2
FORT MEYERS,2
FORT MILL,1
FORT MONROE,1
FORT MORGAN,1
FORT MYERS,22
FORT MYERS BEACH,2
FORT PIERCE,7
FORT PLAIN,1
FORT SCOTT,1
FORT SMITH,1
FORT STEWART,1
FORT STOCKTON,2
FORT WALTON BEACH,7
FORT WASHINGTON,5
FORT WAYNE,16
FORT WORTH,47
FORTUNA,3
FOSSIL,1
FOSTER CITY,4
FOUNTAIN,1
FOUNTAIN VALLEY,8
FOUR CORNERS,1
FOWLER,3
FOX LAKE,2
FOXBORO,1
FOXBOROUGH,8
FOXFIELD,1
FRACKVILLE,1
FRAMINGHAM,12
FRANKENMUTH,1
FRANKFORT,10
FRANKLIN,24
FRANKLIN LAKES,3
FRANKLIN PARK,2
FRASER,2
FRAZER,2
FREDERIC,1
FREDERICK,24
FREDERICKSBURG,17
FREDONIA,1
FREEHOLD,3
FREELAND,2
FREEPORT,8
FREMONT,61
FRENCH LICK,1
FRESNO,61
FRIDAY HARBOR,7
FRIDLEY,2
FRIENDSVILLE,1
FRIENDSWOOD,4
FRISCO,28
FRONT ROYAL,3
FROSTBURG,2
FRYEBURG,2
FT. LAUDERDALE,2
FULLERTON,20
FULTON,10
FULTONVILLE,2
FUQUAY VARINA,3
GADSDEN,2
GAHANNA,4
GAINESVILLE,29
GAITHERSBURG,19
GALENA,8
GALESBURG,2
GALESTOWN,1
GALLATIN,4
GALLIPOLIS,1
GALLOWAY,1
GALLUP,2
GALT,2
GALVESTON,11
GAMBIER,3
GAMBRILLS,1
GANADO,1
GARBERVILLE,3
GARDEN CITY,6
GARDEN GROVE,11
GARDENA,8
GARDINER,3
GARDNER,4
GARDNERVILLE,5
GARFIELD HEIGHTS,1
GARLAND,17
GARNER,1
GARRISON,1
GARY,1
GASTON,1
GASTONIA,8
GATEWAY,1
GATLINBURG,3
GAVIOTA,1
GAYLORD,2
GENESEO,2
GENEVA,16
GENOA,2
GEORGE WEST,1
GEORGETOWN,5
GERMANTOWN,9
GETTYSBURG,8
GEYSERVILLE,7
GHENT,1
GIBSONVILLE,1
GIDDINGS,1
GIG HARBOR,7
GILA BEND,2
GILBERT,9
GILBOA,1
GILLETTE,1
GILMAN,1
GILROY,7
GIRARD,1
GIRDWOOD,1
GLADSTONE,9
GLASSBORO,1
GLASTONBURY,3
GLEN,1
GLEN ALLEN,8
GLEN ARBOR,2
GLEN BURNIE,11
GLEN COVE,1
GLEN ELLEN,2
GLEN ELLYN,4
GLEN FALLS,1
GLEN HEAD,1
GLEN MILLS,2
GLEN RIDGE,1
GLEN ROCK,1
GLENCOE,1
GLENDALE,45
GLENDALE HEIGHTS,1
GLENDIVE,1
GLENDORA,4
GLENEDEN BEACH,1
GLENELG,1
GLENMONT,3
GLENS FALLS,13
GLENVIEW,4
GLENWOOD,1
GLENWOOD SPRINGS,11
GLOBE,1
GLOCESTER,1
GLOUCESTER,4
GLOVERSVILLE,1
GLYNCO,10
GODFREY,2
GOLD BAR,1
GOLDEN,23
GOLDEN VALLEY,5
GOLDSBORO,3
GOLDSBY,2
GOLETA,13
GONZALES,4
GOOCHLAND,1
GOODLAND,1
GOODYEAR,9
GORHAM,4
GOSHEN,3
GOTHENBURG,1
GOVERNMENT CAMP,1
GOWANDA,1
GOWANUS,1
GRAEAGLE,2
GRAFTON,4
GRAHAM,1
GRAIN VALLEY,1
GRANADA HILLS,4
GRANBURY,2
GRANBY,1
GRAND BLANC,3
GRAND CANYON,2
GRAND CANYON VILLAGE,6
GRAND FORKS,4
GRAND ISLAND,4
GRAND JUNCTION,19
GRAND LAKE,1
GRAND MARAIS,1
GRAND PRAIRIE,8
GRAND RAPIDS,39
GRAND RONDE,1
GRAND TERRACE,1
GRANDVIEW,4
GRANDVIEW HEIGHTS,2
GRANDVILLE,6
GRANGEVILLE,1
GRANITE BAY,3
GRANITE CITY,2
GRANITE FALLS,1
GRANTS,2
GRANTS PASS,7
GRANTSVILLE,3
GRANVILLE,4
GRAPEVINE,6
GRASONVILLE,3
GRASS VALLEY,4
GRAWN,1
GRAY,3
GRAYLAND,1
GRAYSLAKE,3
GRAYSON,2
GREAT BARRINGTON,1
GREAT FALLS,4
GREAT NECK,1
GREELEY,8
GREEN BAY,10
GREEN LAKE,1
GREEN RIVER,2
GREENACRES,3
GREENBELT,1
GREENBRAE,2
GREENEVILLE,3
GREENFIELD,11
GREENLAWN,1
GREENOUGH,1
GREENPORT,2
GREENS GRANT,2
GREENSBORO,21
GREENSBURG,4
GREENVALE,1
GREENVILLE,51
GREENWICH,9
GREENWOOD,6
GREENWOOD VILLAGE,7
GREER,11
GRENADA,2
GRESHAM,6
GRETNA,2
GRIFFIN,2
GRIFFITH,1
GRINNELL,1
GROTON,9
GROVE CITY,9
GROVELAND,6
GROVEPORT,2
GROVER BEACH,3
GUADALUPE,1
GUERNEVILLE,3
GUILDERLAND,4
GUILFORD,4
GULF BREEZE,1
GULF SHORES,3
GULFPORT,7
GUNNISON,3
GUNTERSVILLE,1
GURNEE,1
GUSTINE,3
GUYMON,1
GYPSUM,4
HACIENDA HEIGHTS,1
HADDON TOWNSHIP,1
HADLEY,5
HAGERSTOWN,10
HAIKU,2
HAILEY,3
HAINES CITY,2
HAINESPORT,1
HALAWA,2
HALEIWA,1
HALES CORNERS,1
HALETHORPE,1
HALF MOON BAY,9
HALFMOON,1
HALLANDALE,1
HALLANDALE BEACH,4
HALLOWELL,2
HALSEY,1
HAMBURG,4
HAMDEN,3
HAMILTON,5
HAMILTON SQUARE,1
HAMILTON TOWNSHIP,4
HAMLET,2
HAMMOND,5
HAMMONDSPORT,1
HAMPSTEAD,3
HAMPTON,6
HAMPTON BAYS,2
HAMPTONVILLE,1
HANCOCK,6
HANFORD,13
HANNACROIX,2
HANOVER,13
HANSON,2
HAPEVILLE,4
HAPPY VALLEY,9
HARBOR CITY,1
HARBOR SPRINGS,1
HARDEEVILLE,2
HARDWICK,2
HARKER HEIGHTS,1
HARLINGEN,2
HARMANS,1
HARMONY,1
HARPERS FERRY,2
HARRIMAN,3
HARRISBURG,10
HARRISON,5
HARRISONBURG,12
HARRODSBURG,1
HART,1
HART'S LOCATION,1
HARTFORD,28
HARTLAND,1
HARTLE CT,1
HARTSDALE,2
HARTSELLE,1
HARTSVILLE,2
HARVEY,3
HARWICH,1
HARWINTON,1
HASBROUCK HEIGHTS,2
HASTINGS,7
HASTINGS-ON-HUDSON,1
HATHORNE,1
HATTERAS,1
HATTIESBURG,4
HAUPPAUGE,3
HAVERFORD,1
HAVERHILL,3
HAVERSTRAW,1
HAVRE DE GRACE,4
HAWAIIAN GARDENS,2
HAWI,1
HAWLEY,3
HAWTHORNE,15
HAYMARKET,2
HAYS,3
HAYTI,1
HAYWARD,54
HAZEL CREST,1
HAZELWOOD,1
HAZLET,1
HEALDSBURG,29
HEATH,1
HEBER CITY,2
HEBER SPRINGS,2
HEBRON,5
HEFLIN,1
HELEN,2
HELENA,4
HEMET,6
HEMPSTEAD,2
HENDERSON,20
HENDERSONVILLE,8
HENNIKER,1
HENRICO,3
HENRIETTA,2
HENRYETTA,2
HEPPNER,1
HERKIMER,2
HERMANTOWN,2
HERMISTON,2
HERMITAGE,2
HERMOSA BEACH,6
HERNANDO,2
HERNDON,10
HEROD,1
HERRIMAN,5
HERSHEY,6
HESPERIA,4
HESPERUS,1
HEYBURN,1
HIALEAH,1
HIAWATHA,1
HICKORY,2
HICKSVILLE,4
HICO,1
HIDDEN HILLS,1
HIGH POINT,3
HIGHGATE,1
HIGHLAND,13
HIGHLAND BEACH,3
HIGHLAND FALLS,1
HIGHLAND PARK,4
HIGHLAND VILLAGE,2
HIGHLANDS,4
HIGHLANDS RANCH,10
HILLIARD,7
HILLS,1
HILLSBORO,35
HILLSBOROUGH,7
HILLSDALE,3
HILLSIDE,3
HILO,12
HILTON HEAD ISLAND,17
HINCKLEY,2
HINESBURG,1
HINESVILLE,1
HINGHAM,1
HINTON,1
HIRAM,2
HIXSON,1
HOBART,1
HOBE SOUND,3
HOBOKEN,4
HODGKINS,1
HOFFMAN ESTATES,3
HOLBROOK,3
HOLDEN,1
HOLDEN BEACH,1
HOLDERNESS,1
HOLDREGE,1
HOLIDAY,2
HOLLADAY,1
HOLLAND,11
HOLLISTER,8
HOLLY,3
HOLLY HILL,2
HOLLY SPRING,1
HOLLY SPRINGS,1
HOLLYWOOD,21
HOLMEN,1
HOLMES,1
HOLSTEIN,1
HOLTSVILLE,1
HOLY SPRINGS,1
HOLYOKE,3
HOMER,2
HOMESTEAD,7
HOMEWOOD,2
HOMOSASSA,1
HONEOYE FALLS,1
HONESDALE,2
HONEY BROOK,1
HONOLULU,119
HOOD RIVER,8
HOOKER,1
HOOKSETT,2
HOOKSTOWN,1
HOOVER,1
HOPE,1
HOPE VALLEY,2
HOPEWELL,3
HOPKINS,2
HOPKINSVILLE,3
HOPKINTON,4
HOPLAND,2
HORNBROOK,2
HORNELL,1
HORSEHEADS,4
HORSESHOE BAY,2
HORSHAM,7
HORTON,1
HOSCHTON,2
HOT SPRINGS,6
HOT SPRINGS NATIONAL PARK,1
HOUGHTON,4
HOUGHTON LAKE,1
HOULTON,1
HOUSTON,183
HOVLAND,2
HOWARD,3
HOWELL,2
HOWEY-IN-THE-HILLS,1
HUBER HEIGHTS,1
HUDSON,12
HUDSONVILLE,1
HUGHESVILLE,2
HULBERT,1
HUMBLE,7
HUMBOLDT,1
HUMMELS WHARF,1
HUMMELSTOWN,2
HUNKER,1
HUNT VALLEY,1
HUNTER,2
HUNTERSVILLE,3
HUNTINGDON,1
HUNTINGTON,9
HUNTINGTON BEACH,35
HUNTINGTON STATION,3
HUNTSVILLE,19
HURLEY,1
HURLOCK,2
HURON,6
HURRICANE,4
HURST,1
HUTCHINSON,6
HUTTO,1
HYANNIS,10
HYATTSVILLE,4
HYDE PARK,1
IDAHO FALLS,5
IDAHO SPRINGS,2
IDYLLWILD,1
IGNACIO,1
IMLAY CITY,1
IMPERIAL BEACH,2
INCLINE VILLAGE,7
INDEPENDENCE,15
INDEPENDENCE CHARTER TOWNSHIP,1
INDIALANTIC,1
INDIAN HEAD,3
INDIAN LAND,1
"INDIAN LAND, SOUTH CAROLINA",1
INDIAN ROCKS BEACH,3
INDIAN SHORES,1
INDIAN SPRINGS,1
INDIAN TRAIL,2
INDIAN WELLS,9
INDIANA,3
INDIANAPOLIS,44
INDIO,11
INGLEWOOD,8
INGRAM,2
INTERLOCHEN,1
INTERVALE,1
INVER GROVE HEIGHTS,2
INVER GROVE HTS,1
INVERNESS,9
INWOOD,3
INYOKERN,1
IONE,1
IONIA,1
IOWA CITY,14
IPSWICH,2
IRMO,1
IRONDALE,1
IRONDEQUOIT,1
IRVI,1
IRVINE,188
IRVING,26
IRVINGTON,3
IRWINDALE,2
ISANTI,2
ISLA VISTA,2
ISLAMORADA,7
ISLAND CITY,1
ISLANDIA,1
ISLE OF PALMS,1
ISSAQUAH,19
ITALY,1
ITASCA,4
ITHACA,25
IVINS,1
JACKMAN,2
JACKPOT,1
JACKSON,45
JACKSON HEIGHTS,2
JACKSONVILLE,84
JACKSONVILLE BEACH,3
JAMAICA,3
JAMAICA PLAINS,1
JAMESPORT,2
JAMESTOWN,12
JAMESVILLE,2
JAMISON,1
JANESVILLE,3
JASPER,4
JAY,1
JEAN,1
JEANNETTE,1
JEFFERSON,5
JEFFERSON CITY,3
JEFFERSONTOWN,2
JEFFERSONVILLE,3
JEKYLL ISLAND,6
JENKINTOWN,3
JENKS,2
JENNER,3
JENNINGS,1
JENSEN BEACH,7
JERSEY CITY,31
JESSUP,4
JESUP,1
JIM THORPE,1
JOHN DAY,1
JOHNS CREEK,1
JOHNS ISLAND,1
JOHNSON,2
JOHNSON CITY,8
JOHNSTON,6
JOHNSTONTOWN,1
JOHNSTOWN,6
JOLIET,4
JOLON,1
JONESBORO,3
JONESBOROUGH,1
JOPLIN,10
JOPPA,1
JORDAN,2
JOSEPH,1
JULIAN,1
JUNCTION,2
JUNCTION CITY,2
JUNEAU,16
JUNO BECH,1
JUPITER,4
KAHUKU,1
KAHULUI,17
KAILUA,4
KAILUA KONA,1
KAILUA-KONA,15
KALAMAZOO,13
KALISPELL,3
KALKASKA,1
KAMAS,1
KAMUELA,2
KANAB,5
KANE,1
KANEOHE,7
KANKAKEE,2
KANNAPOLIS,1
KANSAS CITY,172
KAPOLEI,19
KATONAH,3
KATY,13
KAUKAUNA,6
KAUNAKAKAI,1
KAUNEONGA LAKE,1
KAWKAWLIN,1
KAYSVILLE,8
KEARNEY,6
KEARNS,1
KEARNY,1
KEAÃÂÂAU,1
KEEDYSVILLE,2
KEENE,3
KEENE VALLEY,1
KEIZER,3
KELSO,2
KENAI,1
KENMORE,2
KENNEBUNK,12
KENNEBUNKPORT,8
KENNEDY SPACE CENTER,1
KENNER,6
KENNESAW,18
KENNETT SQUARE,4
KENNEWICK,7
KENOSHA,4
KENSINGTON,1
KENT,20
KENTFIELD,5
KENTWOOD,2
KENWOOD,1
KERHONKSON,1
KERMAN,3
KERNSERSVILLE,1
KERRVILLE,4
KERSEY,1
KESWICK,1
KETTERING,1
KETTLEMAN CITY,1
KEW GARDENS,2
KEY BISCAYNE,2
KEY LARGO,3
KEY WEST,16
KEYPORT,1
KEYSTONE,3
KEYSTONE HEIGHTS,1
KIAWAH ISLAND,1
KIHEI,12
KILDEER,1
KILL DEVIL HILLS,2
KILLEEN,4
KILLINGLY,1
KILLINGTON,8
KILN,1
KINDERHOOK,2
KING,1
KING CITY,4
KING OF PRUSSIA,14
KINGDOM CITY,1
KINGMAN,3
KINGS PARK,1
KINGSBURG,3
KINGSLAND,3
KINGSPORT,4
KINGSTON,26
KINGSVILLE,2
KINGWOOD,2
KINSTON,5
KIRKLAND,25
KIRKSVILLE,3
KIRKWOOD,2
KISSIMMEE,30
KITTANNING,1
KITTERY,2
KLAMATH,2
KLAMATH FALLS,4
KNIGHTDALE,1
KNOXVILLE,43
KODAK,3
KOHALA,2
KOKOMO,1
KOLOA,2
KREMMLING,2
KUTTAWA,1
KUTZTOWN,1
KYBURZ,1
KYLE,5
L'ANSE,1
L?HU?E,1
LA,1
LA CAÃÂ±ADA FLINTRIDGE,6
LA CONNER,1
LA CRESCENTA,2
LA CROSSE,6
LA FARGE,1
LA GRANDE,1
LA HABRA,6
LA JOLLA,14
LA JUNTA,2
LA MESA,6
LA MIRADA,6
LA PALMA,3
LA PLATA,3
LA PORTE,5
LA QUINTA,7
LA VALE,1
LA VERKIN,2
LA VERNE,2
LABELLE,2
LACEY,8
LADERA HEIGHTS,1
LADERA RANCH,1
LADSON,2
LADY LAKE,2
LADYSMITH,1
LAFARGE,1
LAFAYETTE,30
LAFAYETTE HILL,2
LAGRANGE,5
LAGRANGEVILLE,2
LAGUNA BEACH,8
LAGUNA HILLS,2
LAGUNA NIGUEL,3
LAGUNA WOODS,3
LAHAINA,12
LAIE,2
LAKE,1
LAKE ARROWHEAD,1
LAKE BALBOA,2
LAKE BUENA VISTA,4
LAKE CHARLES,5
LAKE CITY,7
LAKE COMO,1
LAKE ELMO,3
LAKE ELSINORE,6
LAKE FOREST,8
LAKE GENEVA,2
LAKE GEORGE,15
LAKE GROVE,2
LAKE HAMILTON,1
LAKE HARMONY,1
LAKE HAVASU CITY,2
LAKE HOPATCONG,1
LAKE IN THE HILLS,1
LAKE JACKSON,3
LAKE KATRINE,3
LAKE LURE,1
LAKE LUZERNE,1
LAKE MARY,7
LAKE MCDONALD,1
LAKE MILLS,1
LAKE OSWEGO,23
LAKE OZARK,1
LAKE PLACID,9
LAKE STEVENS,1
LAKE VILLA,1
LAKE WALES,4
LAKE WORTH,5
LAKE ZURICH,3
LAKEHEAD-LAKESHORE,1
LAKELAND,13
LAKEMOOR,1
LAKEPORT,2
LAKESIDE,3
LAKEVILLE,7
LAKEWAY,2
LAKEWOOD,30
LAKEWOOD RANCH,1
LAKEWOOD TOWNSHIP,1
LAMBERTVILLE,1
LAMONI,1
LAMONT,1
LAMPASAS,2
LANAI CITY,1
LANCASTER,68
LAND O LAKES,1
LANDER,1
LANDOVER,2
LANDOVER HILLS,1
LANDRUM,1
LANESBORO,1
LANGHORNE,4
LANGLEY,4
LANHAM,1
LANSDALE,1
LANSING,14
LANTANA,2
LAOTTO,1
LAPLACE,1
LARAMIE,1
LARCHMONT,3
LAREDO,3
LARGO,10
LARKSPUR,5
LAS CRUCES,4
LAS VEGAS,130
LATHAM,17
LATHROP,4
LATTA,1
LAUDERDALE-BY-THE-SEA,2
LAUGHLIN,3
LAUREL,9
LAVONIA,1
LAWRENCE,11
LAWRENCE OCL,2
LAWRENCE TOWNSHIP,3
LAWRENCEVILLE,18
LAWTON,1
LAYTON,2
LAYTONVILLE,3
LEADVILLE,1
LEAGUE CITY,5
LEANDER,1
LEAVENWORTH,16
LEAWOOD,8
LEBANON,14
LEBEC,3
LEDYARD,1
LEE,7
LEE VINING,1
LEE'S SUMMIT,1
LEES SUMMIT,12
LEESBURG,12
LEESPORT,1
LEHI,18
LELAND,1
LEMON GROVE,1
LEMONT,1
LEMOORE,4
LENEXA,14
LENOIR,4
LENOIR CITY,5
LENOX,8
LEOLA,1
LEOMINSTER,5
LEROY,1
LEVITTOWN,1
LEWES,7
LEWIS,1
LEWIS CENTER,1
LEWISBERRY,1
LEWISTON,6
LEWISTOWN,1
LEWISVILLE,5
LEXINGTON,46
LIBERAL,1
LIBERTY,5
LIBERTY LAKE,6
LIBERTY TOWNSHIP,1
LIBERTYVILLE,5
LIGHTHOUSE POINT,1
LIGONIER,2
LIHUE,14
LILBURN,1
LILLINGTON,1
LIMA,10
LIMERICK,1
LIMON,1
LINCOLN,37
LINCOLN CITY,6
LINCOLNSHIRE,1
LINCOLNTON,1
LINCOLNVILLE,2
LINCOLNWOOD,2
LINDALE,1
LINDEN,1
LINDENHURST,2
LINDSAY,1
LINDSBORG,1
LINTHICUM,1
LINTHICUM HEIGHTS,3
LISBON,2
LISLE,3
LITCHFIELD PARK,2
LITHIA SPRINGS,6
LITHONIA,4
LITITZ,2
LITTLE FALLS,2
LITTLE ORLEANS,1
LITTLE RIVER,6
LITTLE ROCK,24
LITTLE TORCH KEY,1
LITTLEROCK,1
LITTLETON,15
LIVE OAK,3
LIVERMORE,17
LIVERPOOL,12
LIVINGSTON,6
LIVONIA,4
LLANO,1
LOCKEFORD,1
LOCKHART,1
LOCKPORT,5
LOCUST GROVE,1
LODI,14
LOGAN,17
LOGANSPORT,1
LOGANVILLE,3
LOLETA,2
LOMA LINDA,4
LOMBARD,5
LOMIRA,1
LOMPOC,4
LONDON,4
LONDONDERRY,3
LONE JACK,1
LONE PINE,1
LONE TREE,7
LONG BEACH,92
LONG BRANCH,1
LONG ISLAND CITY,8
LONG LAKE,2
LONGMEADOW,1
LONGMONT,34
LONGVIEW,5
LONGWOOD,3
LOOKOUT MOUNTAIN,2
LOOMIS,1
LOPEZ,2
LORDSBURG,1
LORETTO,1
LOS ALAMOS,4
LOS ALTOS,16
LOS ALTOS HILLS,1
LOS ANGELES,759
LOS ANGLES,1
LOS BANOS,3
LOS FELIZ,1
LOS GATOS,20
LOS LUNAS,2
LOST HILLS,1
LOTUS,1
LOUISA COUNTY,1
LOUISBURG,1
LOUISVILLE,53
LOVELAND,21
LOVELOCK,1
LOWELL,29
LOWVILLE,1
LUBBOCK,7
LUBEC,1
LUCERNE VALLEY,1
LUDINGTON,2
LUDLOW,3
LUFKIN,1
LUMBERTON,4
LURAY,3
LUSBY,1
LUSK,1
LUTHERVILLE TIMONIUM,1
LUTHERVILLE-TIMONIUM,1
LUTSEN,3
LUTZ,5
LYME,2
LYNCHBURG,9
LYNDHURST,1
LYNN,1
LYNNFIELD,5
LYNNWOOD,20
LYNWOOD,5
LYONS,2
LYONS FALLS,1
MABLETON,1
MACEDONIA,1
MACHESNEY PARK,1
MACHIAS,1
MACKINAW CITY,2
MACOMB,2
MACON,13
MACUNGIE,1
MADERA,10
MADISON,85
MADISON HEIGHTS,3
MADISONVILLE,1
MADRAS,5
MAGGIE VALLEY,1
MAGNA,1
MAGNOLIA,1
MAHOPAC,1
MAHWAH,1
MAINEVILLE,1
MAITLAND,5
MAKANDA,2
MAKAWAO,1
MALIBU,16
MALONE,5
MALTA,2
MALVERN,9
MAMARONECK,3
MAMMOTH HOT SPRINGS,2
MAMMOTH LAKES,5
MANAHAWKIN,3
MANAKIN SABOT,1
MANALAPAN,1
MANASQUAN,1
MANASSAS,8
MANCHESTER,23
MANCHESTER CENTER,3
MANCHESTER-BY-THE-SEA,1
MANCOS,1
MANDEVILLE,2
MANHATTAN,23
MANHATTAN BEACH,22
MANITOU SPRINGS,2
MANITOWOC,1
MANKATO,9
MANNFORD,1
MANOR,1
MANORVILLE,1
MANSFIELD,8
MANSON,3
MANTECA,5
MANTEO,1
MANVEL,1
MAPLE GROVE,6
MAPLE SHADE,1
MAPLE VALLEY,1
MAPLEWOOD,18
MAQUOKETA,3
MARANA,2
MARATHON,3
MARBLE CANYON,1
MARBLE FALLS,1
MARBLEHEAD,2
MARCELLUS,1
MARCO ISLAND,6
MARFA,1
MARGARETVILLE,1
MARIANNA,1
MARICOPA,1
MARIETTA,27
MARIN CITY,1
MARINA,5
MARINA DEL REY,18
MARION,8
MARIPOSA,1
MARKED TREE,1
MARKLEEVILLE,1
MARKSVILLE,1
MARLBORO,1
MARLBOROUGH,12
MARLTON,1
MARSHALL,10
MARSHALLTOWN,1
MARSHFIELD,3
MARTIN,1
MARTINEZ,9
MARTINSBURG,3
MARTINSVILLE,1
MARY ESTHER,1
MARYLAND CITY,1
MARYLAND HEIGHTS,2
MARYSVILLE,9
MARYVILLE,6
MASHANTUCKET,2
MASHPEE,2
MASON,2
MASON CITY,1
MASPETH,2
MASSENA,2
MASSILLON,2
MATAMORAS,2
MATTAPAN,1
MATTAWAN,1
MATTESON,1
MATTHEWS,3
MATTOON,3
MAUMEE,5
MAUSTON,1
MAYER,1
MAYFIELD,1
MAYFIELD HEIGHTS,2
MAYNARD,1
MAYVILLE,1
MAZAMA,1
MCALESTER,4
MCALLEN,7
MCARTHUR,1
MCCARRAN,2
MCCLEAN,1
MCCLELLAN PARK,6
MCCOMB,1
MCCORDSVILLE,3
MCDERMITT,1
MCDONOUGH,6
MCFARLAND,1
MCGAHEYSVILLE,1
MCGREGOR,1
MCHENRY,7
MCKENZIE BRIDGE,1
MCKINLEYVILLE,1
MCKINNEY,9
MCLEAN,18
MCLEANSVILLE,1
MCMINNVILLE,9
MEAD,1
MEADOWS OF DAN,1
MEADVILLE,1
MEBANE,3
MECHANICSBURG,7
MECHANICSVILLE,1
MEDFORD,23
MEDIA,2
MEDICAL LAKE,1
MEDINA,5
MEDWAY,4
MEEKER,2
MELBOURNE,11
MELBOURNE BEACH,3
MELROSE,3
MELROSE PARK,2
MELVILLE,2
MEMPHIS,24
MENANDS,1
MENASHA,3
MENDOCINO,8
MENDOTA,4
MENIFEE,5
MENLO PARK,62
MENOMONEE FALLS,1
MENOMONIE,2
MENTOR,6
MEQUON,4
MERCED,7
MERCER,2
MERCER ISLAND,14
MERCERSBURG,2
MEREDITH,1
MERIDEN,6
MERIDIAN,10
MERRIAM,4
MERRILL,1
MERRILLVILLE,4
MESA,22
MESA VERDE NATIONAL PARK,1
MESQUITE,10
METAIRIE,9
METHUEN,2
METROPOLITAN GOVERNMENT,1
METTER,2
METUCHEN,2
MIAMI,149
MIAMI BEACH,28
MIAMI LAKES,1
MIAMI SPRINGS,1
MICHIGAN CITY,2
MID-CAMBRIDGE,1
MIDDLE RIVER,3
MIDDLEBURG,3
MIDDLEBURG HEIGHTS,2
MIDDLEBURY,12
MIDDLESEX,2
MIDDLETON,5
MIDDLETOWN,25
MIDDLEVILLE,1
MIDLAND,4
MIDLOTHIAN,8
MIDPINES,1
MIDVALE,1
MIDWAY,1
MIDWEST CITY,5
MILAN,2
MILES CITY,1
MILFORD,16
MILFORD CHARTER TOWNSHIP,1
MILL CITY,1
MILL VALLEY,6
MILLBRAE,9
MILLBROOK,1
MILLBURN,1
MILLBURY,2
MILLEDGEVILLE,3
MILLERSBURG,3
MILLERSVILLE,2
MILLINOCKET,1
MILLPORT,1
MILLS RIVER,1
MILLSBORO,1
MILPITAS,25
MILTON,4
MILW,2
MILWAUKEE,34
MILWAUKIE,5
MINDEN,5
MINER,1
MINERAL WELLS,1
MINNEAPOLIS,61
MINNETONKA,3
MINOOKA,1
MINOT,3
MIRAMAR,4
MIRAMAR BEACH,4
MISHAWAKA,6
MISSION,7
MISSION HILLS,5
MISSION VIEJO,7
MISSION WOODS,2
MISSOULA,7
MITCHELL,4
MOAB,9
MOAPA,1
MOBERLY,2
MOBILE,24
MOCLIPS,2
MODENA,2
MODESTO,11
MOFFETT FIELD,1
MOHEGAN LAKE,1
MOJAVE,5
MOKENA,1
MOLALLA,1
MOLINE,2
MONAHANS,1
MONARCH,1
MONCURE,1
MONGTOMERY,1
MONKEY ISLAND,1
MONMOUTH,2
MONMOUTH JUNCTION,1
MONON,1
MONONA,2
MONROE,14
MONROE TOWNSHIP,1
MONROEVILLE,6
MONROVIA,7
MONSEY,1
MONTAGUE,3
MONTAUK,9
MONTCLAIR,17
MONTE SERENO,1
MONTE VISTA,1
MONTEBELLO,14
MONTECITO,4
MONTEREY,23
MONTEREY PARK,4
MONTEVIDEO,1
MONTGOMERY,14
MONTGOMERY CENTER,1
MONTGOMERYVILLE,1
MONTICELLO,14
MONTOUR FALLS,2
MONTPELIER,12
MONTPELIER STATION,3
MONTREAT,1
MONTROSE,6
MONTVALE,1
MONTVILLE,1
MONUMENT,1
MOON,1
MOON TOWNSHIP,3
MOORE,4
MOOREFIELD,3
MOORESVILLE,5
MOORHEAD,1
MOORPARK,4
MOOSE,1
MOOSE LAKE,2
MOOSIC,2
MORA,1
MORAGA,3
MORAVIA,1
MOREHEAD,2
MORENO,1
MORENO VALLEY,14
MORGAN HILL,10
MORGANTOWN,6
MORRIS,4
MORRIS PLAINS,1
MORRISON,3
MORRISTOWN,3
MORRISVILLE,3
MORRO BAY,2
MORROW,5
MORTON,2
MOSCA,1
MOSCOW,1
MOSES LAKE,5
MOSIER,1
MOSS BEACH,1
MOSSYROCK,1
MOTLEY,1
MOUNT AIRY,2
MOUNT DORA,1
MOUNT HOLLY,2
MOUNT JULIET,1
MOUNT KISCO,1
MOUNT LAUREL,3
MOUNT PLEASANT,11
MOUNT PROSPECT,2
MOUNT RAINIER,1
MOUNT SHASTA,3
MOUNT TREMPER,1
MOUNT VERNON,8
MOUNTAIN HOME,1
MOUNTAIN HOUSE,1
MOUNTAIN VIEW,42
MOUNTAIN VILLAGE,4
MOUNTLAKE TERRACE,1
MOUNTVILLE,1
MT AIRY,2
MT ARLINGTON,1
MT CLEMENS,2
MT DESERT,1
MT EPHRAIM,1
MT HOOD,1
MT JOY,2
MT LAUREL,1
MT PLEASANT,3
MT SHASTA,1
MT STERLING,1
MT VERNON,2
MT. AIRY,4
MT. GILEAD,1
MT. HOLLY,1
MT. HOOD,1
MT. HOPE,1
MT. HOREB,1
MT. JACKSON,1
MT. JULIET,2
MT. MORRIS,2
MT. PLEASANT,2
MT. SHASTA,1
MT. SINAI,1
MT. ST. FRANCIS,1
MT. VERNON,5
MUKILTEO,3
MUKWONAGO,1
MULLENS,2
MUNCY,2
MUNSTER,1
MURDO,1
MURFREESBORO,17
MURPHY,3
MURPHYS,3
MURRAY,12
MURRELLS INLET,1
MURRIETA,14
MURRYSVILLE,1
MUSCATINE,2
MUSKEGON,7
MUSKOGEE,4
MYERSTOWN,1
MYRTLE BEACH,18
MYRTLE CREEK,2
MYSTIC,3
N AUGUSTA,1
NACOGDOCHES,1
NAGS HEAD,1
NAMPA,5
NANTUCKET,7
NANUET,3
NAPA,55
NAPA VALLEY,1
NAPERVILLE,17
NAPLES,30
NAPOLEON,1
NARRAGANSETT,3
NASHUA,4
NASHVILLE,100
NATCHEZ,2
NATCHITOCHES,2
NATHROP,1
NATICK,13
NATIONAL CITY,6
NAUBINWAY,1
NAVARRE,2
NAVASOTA,2
NAÃÂÂALEHUA,1
NEAH BAY,2
NEBRASKA CITY,3
NEDERLAND,1
NEEDHAM,2
NEEDLES,2
NEENAH,3
NEILLSVILLE,1
NEOSHO,1
NEPHI,1
NEPTUNE,2
NEPTUNE BEACH,1
NEPTUNE CITY,2
NEPTUNE TOWNSHIP,1
NESCONSET,1
NEVADA,1
NEW ALBANY,10
NEW BEDFORD,7
NEW BERLIN,1
NEW BERN,5
NEW BOSTON,1
NEW BRAUNFELS,5
NEW BRIGHTON,2
NEW BRITAIN,9
NEW BRUNSWICK,2
NEW BUFFALO,1
NEW CANAAN,1
NEW CARROLLTON,2
NEW CASTLE,9
NEW CENTURY,4
NEW CITY,1
NEW CONCORD,1
NEW CUMBERLAND,1
NEW FAIRFIELD,1
NEW GLOUCESTER,1
NEW HAMPTON,2
NEW HARMONY,1
NEW HARTFORD,1
NEW HAVEN,16
NEW HUDSON,1
NEW KENT,2
NEW LONDON,4
NEW MARKET,2
NEW MILFORD,3
NEW ORLEANS,18
NEW OXFORD,2
NEW PALTZ,14
NEW PLYMOUTH,1
NEW PORT RICHEY,8
NEW PRAGUE,1
NEW PROVIDENCE,2
NEW RIVER,1
NEW ROCHELLE,5
NEW SMYRNA,1
NEW SMYRNA BEACH,2
NEW ULM,3
NEW YORK,321
NEW YORK CITY,1
NEWARK,39
NEWAYGO,1
NEWBERG,7
NEWBURG,1
NEWBURGH,6
NEWBURY PARK,2
NEWBURYPORT,4
NEWCASTLE,2
NEWCOMB,1
NEWFANE,2
NEWFOUNDLAND,1
NEWHALL,1
NEWINGTON,3
NEWNAN,8
NEWPORT,22
NEWPORT BEACH,46
NEWPORT COAST,2
NEWPORT NEWS,17
NEWRY,1
NEWTON,14
NEWTOWN,1
NEWTOWN SQUARE,2
NEWVILLE,1
NIAGARA FALLS,7
NIAGARA UNIVERSITY,1
NIANTIC,2
NICASIO,1
NICEVILLE,2
NICHOLS,1
NILES,7
NISKAYUNA,5
NIWOT,1
NOBLESVILLE,2
NOHO,1
NOKESVILLE,1
NORCO,2
NORCROSS,4
NORFOLK,27
NORMAL,19
NORMAN,14
NORRIDGE,1
NORRISTOWN,2
NORTH ADAMS,1
NORTH ANDOVER,4
NORTH ATTLEBORO,2
NORTH AURORA,5
NORTH BABYLON,3
NORTH BEACH,1
NORTH BEND,7
NORTH BETHESDA,5
NORTH BRANCH,1
NORTH BRANFORD,1
NORTH BRUNSWICK,1
NORTH BRUNSWICK TOWNSHIP,1
NORTH CANAAN,1
NORTH CANTON,7
NORTH CHARLESTON,7
NORTH CHELMSFORD,1
NORTH CHESTERFIELD,1
NORTH CONWAY,4
NORTH CREEK,4
NORTH EAST,3
NORTH EDWARDS,1
NORTH HAMPTON,1
NORTH HAVEN,4
NORTH HIGHLAND,1
NORTH HILLS,4
NORTH HOLLYWOOD,24
NORTH HUNTINGDON,1
NORTH KANSAS CITY,6
NORTH KINGSTOWN,2
NORTH LAS VEGAS,3
NORTH LITTLE ROCK,6
NORTH LOGAN,1
NORTH MANKATO,2
NORTH MIAMI,5
NORTH MIAMI BEACH,3
NORTH MYRTLE BEACH,2
NORTH OLMSTED,1
NORTH PLAINFIELD,1
NORTH PLAINS,1
NORTH PLATTE,1
NORTH PORT,1
NORTH PROVIDENCE,1
NORTH RICHLAND HILLS,2
NORTH SALT LAKE,2
NORTH SAN JOSE,1
NORTH SMITHFIELD,1
NORTH ST PAUL,1
NORTH STAMFORD,1
NORTH TONAWANDA,1
NORTH WALES,1
NORTH WILDWOOD,1
NORTH WINDHAM,1
NORTHAMPTON,13
NORTHBOROUGH,2
NORTHBROOK,12
NORTHEAST HARBOR,1
NORTHFIELD,6
NORTHGLENN,1
NORTHLAKE,1
NORTHPORT,2
NORTHRIDGE,16
NORTHVILLE,2
NORTHWOOD,2
NORTON SHORES,1
NORWALK,14
NORWAY,4
NORWELL,4
NORWICH,9
NORWOOD,7
NOTRE DAME,1
NOTTINGHAM,4
NOVATO,21
NOVI,5
NYACK,1
O FALLON,2
O'FALLON,2
OACOMA,1
OAK BROOK,14
OAK CREEK,5
OAK GLEN,1
OAK GROVE,1
OAK HARBOR,4
OAK LAWN,3
OAK PARK,9
OAK RIDGE,6
OAK VIEW,1
OAKBROOK TERRACE,2
OAKDALE,6
OAKHURST,7
OAKLAND,65
OAKLAND GARDENS,1
OAKLAND PARK,1
OAKLEY,1
OAKRIDGE,1
OAKVILLE,5
OAKWOOD,1
OBERLIN,2
OCALA,6
OCCIDENTAL,1
OCEAN CITY,14
OCEAN ISLE BEACH,1
OCEAN SHORES,1
OCEANSIDE,9
OCHOPEE,3
OCOEE,1
OCONOMOWOC,1
OCONTO,1
ODENTON,3
OGALLALA,4
OGDEN,19
OGDENSBURG,1
OGUNQUIT,4
OIL CITY,1
OJAI,5
OKATIE,1
OKEECHOBEE,5
OKEMOS,5
OKLAHOMA CITY,34
OLANCHA,1
OLATHE,24
OLD FAITHFUL,1
OLD FORGE,2
OLD FORT,1
OLD LYME,1
OLD ORCHARD BEACH,1
OLD SAYBROOK,6
OLD WESTBURY,1
OLDSMAR,5
OLEAN,4
OLGA,1
OLIVE HILL,1
OLIVIA,1
OLNEY,1
OLYMPIA,26
OLYMPIC VALLEY,2
OMAHA,29
OMAK,1
ONALASKA,2
ONANCOCK,1
ONAWAY,1
ONEONTA,5
ONTARIO,31
OOLTEWAH,4
OPELOUSAS,1
ORADELL,1
ORANGE,39
ORANGE BEACH,4
ORANGE COVE,2
ORANGE PARK,1
ORANGEBURG,1
ORCAS,1
ORCHARD PARK,6
ORD,1
OREGON,1
OREGON CITY,7
OREM,20
ORIENTAL,2
ORKNEY SPRINGS,1
ORLAND,1
ORLAND PARK,8
ORLANDO,171
ORLEANS,3
ORMOND BEACH,5
ORO VALLEY,2
ORONO,1
OROVADA,1
OROVILLE,6
ORRTANNA,1
OSAGE BEACH,2
OSHKOSH,7
OSKALOOSA,1
OSSINING,6
OSWEGO,3
OTIS,2
OURAY,1
OVERLAND PARK,59
OVID,1
OVIEDO,11
OWASSO,3
OWATONNA,5
OWIGSBURG,1
OWINGS MILLS,4
OXFORD,18
OXNARD,29
OXON HILL,4
OYSTER BAY,1
OZARK,3
OZONA,2
OZONE PARK,1
PACHECO,1
PACIFIC CITY,1
PACIFIC GROVE,3
PACIFIC PALISADES,6
PACIFICA,4
PACOIMA,6
PADUCAH,3
PAGE,2
PAGELAND,1
PAGOSA SPRINGS,1
PAHOA,1
PAINTED POST,3
PALA,1
PALATINE,6
PALATKA,1
PALERMO,1
PALESTINE,1
PALISADE,1
PALISADES PARK,1
PALM BAY,2
PALM BEACH,2
PALM BEACH GARDENS,9
PALM CITY,1
PALM COAST,4
PALM DESERT,29
PALM HARBOR,6
PALM SPRINGS,40
PALMDALE,19
PALMER,3
PALMETTO,2
PALMETTO BAY,2
PALMYRA,4
PALO ALTO,72
PALOS VERDES PENINSULA,1
PANACA,1
PANAMA CITY,5
PANAMA CITY BEACH,6
PANORAMA CITY,4
PANTON,1
PAOLI,1
PAONIA,3
PAPA'ALOA,1
PARACHUTE,1
PARADISE,2
PARADISE VALLEY,2
PARAMOUNT,2
PARAMUS,10
PARIS,2
PARK CITY,15
PARK FOREST,1
PARK RIDGE,5
PARKER,3
PARKERSBURG,3
PARKVILLE,1
PARLIER,2
PARMA,1
PARMA HEIGHTS,1
PARSIPPANY,2
PARSIPPANY-TROY HILLS,4
PASADENA,57
PASCAGOULA,1
PASCO,4
PASO ROBLES,47
PATASKALA,2
PATCHOGUE,2
PATEROS,1
PATTERSON,4
PATTON,1
PATUXENT RIVER,2
PAUL SMITHS,3
PAULS VALLEY,1
PAULSBORO,1
PAWLEYS ISLAND,2
PAWLING,1
PAWNEE,1
PAWTUCKET,2
PAYSON,2
PEABODY,3
PEACHTREE CITY,5
PEACHTREE CORNERS,4
PEARISBURG,1
PEARL,1
PEARL CITY,4
PEARL RIVER,2
PEARLAND,6
PEBBLE BEACH,2
PECONIC,2
PECOS,3
PEEKSKILL,2
PELLA,1
PEMBROKE,2
PEMBROKE PINES,7
PENDLETON,1
PENFIELD,1
PENN YAN,2
PENNSAUKEN,1
PENSACOLA,4
PENSACOLA BEACH,5
PEORIA,16
PEQUANNOCK TOWNSHIP,1
PEQUOT LAKES,1
PERRIS,3
PERRY,7
PERRYSBURG,2
PERRYTON,1
PERTH AMBOY,1
PERU,4
PETALUMA,16
PETERSBURG,2
PETOSKEY,2
PETRIFIED FOREST NATIONAL PARK,1
PEWAUKEE,1
PFLUGERVILLE,3
PHENIX CITY,4
PHEONIX,1
PHILADELPHIA,60
PHILIPSBURG,2
PHILLIPS,2
PHILO,5
PHILOMATH,1
PHIPPSBURG,1
PHOENIX,134
PHOENIXVILLE,7
PICAYUNE,1
PICKWICK DAM,1
PICO RIVERA,2
PIEDMONT,3
PIERMONT,1
PIERRE,1
PIGEON FORGE,16
PIKESVILLE,1
PIKEVILLE,1
PINE BLUFF,1
PINE CITY,2
PINE PLAINS,1
PINE RIVER,1
PINECREST,5
PINEDALE,1
PINEHURST,1
PINELLAS PARK,3
PINETOP,1
PINEVILLE,1
PINOLE,1
PIPESTEM,2
PIPESTONE,1
PISCATAWAY,2
PISMO BEACH,15
PITKIN,2
PITTSBORO,5
PITTSBURG,11
PITTSBURGH,90
PITTSFIELD,7
PITTSFORD,3
PLACENTIA,6
PLACERVILLE,14
PLAIN CITY,2
PLAINFIELD,3
PLAINSBORO,2
PLAINVIEW,3
PLAINVILLE,4
PLANO,40
PLANT CITY,4
PLANTATION,2
PLATTE CITY,2
PLATTEKILL,1
PLATTSBURGH,11
PLATTSMOUTH,1
PLAYA DEL REY,2
PLAYA VISTA,4
PLEASANT GROVE,1
PLEASANT HILL,11
PLEASANT HILLS,1
PLEASANT PRAIRIE,3
PLEASANT VALLEY,1
PLEASANTON,45
PLEASANTVILLE,1
PLOVER,3
PLYMOUTH,27
PLYMOUTH MEETING,4
POCAHONTAS,1
POCATELLO,2
POCONO MANOR,1
POINT ARENA,2
POINT CLEAR,2
POINT HARBOR,1
POINT LOOKOUT,1
POINT OF ROCKS,1
POINT REYES STATION,1
POLAND,2
POLLOCK PINES,2
POMFRET,1
POMONA,8
POMPANO BEACH,4
POMPTON PLAINS,1
PONCA CITY,2
PONCHA SPRINGS,1
PONCHATOULA,1
PONTIAC,3
POOLER,6
POOLESVILLE,2
POPLAR BLUFF,1
PORT ANGELES,11
PORT ARANSAS,3
PORT ARTHUR,1
PORT CHARLOTTE,3
PORT CHESTER,2
PORT CLINTON,2
PORT DEPOSIT,1
PORT HUENEME,5
PORT HURON,2
PORT JEFFERSON,1
PORT JEFFERSON STATION,1
PORT JERVIS,1
PORT LAVACA,1
PORT OF HUENEME,1
PORT ORANGE,2
PORT ORCHARD,3
PORT ORFORD,2
PORT ST LUCIE,2
PORT ST. LUCIE,3
PORT TOWNSEND,6
PORTAGE,7
PORTER,2
PORTER RANCH,1
PORTERSVILLE,1
PORTERVILLE,2
PORTEVILLE,1
PORTLAND,161
PORTOLA VALLEY,3
PORTSMOUTH,14
POST FALLS,1
POTOMAC,5
POTSDAM,3
POUGHKEEPSIE,11
POULSBO,5
POWAY,5
POWDERLY,1
POWELL,5
POWELLS POINT,1
PRAIRIE CITY,1
PRAIRIE DU SAC,1
PRAIRIE VILLAGE,3
PRATTVILLE,5
PRESCOTT,5
PRESCOTT VALLEY,1
PRESQUE ISLE,1
PREWITT,1
PRICE,3
PRIMM,1
PRINCE FREDERICK,2
PRINCE GEORGE,1
PRINCETON,11
PRINCEVILLE,3
PRIOR LAKE,1
PROSSER,2
PROVIDENCE,40
PROVINCETOWN,3
PROVO,8
PRYOR,1
PT. REYES,1
PUEBLO,11
PUEBLO WEST,3
PUKALANI,2
PULASKI,1
PULLMAN,7
PURCELL,1
PURCELLVILLE,1
PUTNAM,3
PUTNEY,2
PUYALLUP,10
PÃÂHOA,1
QUAKERTOWN,3
QUARTZSITE,1
QUECHEE,4
QUEEN CREEK,1
QUEENS,10
QUEENSBURY,14
QUEENSTOWN,1
QUINAULT,1
QUINCY,18
RABUN GAP,2
RACINE,1
RADCLIFF,1
RADFORD,1
RADNOR,2
RAEFORD,1
RAHWAY,3
RAINIER,1
RALEIGH,81
RAMONA,3
RAMSEY,3
RANCHO CORDOVA,5
RANCHO CUCAMONGA,23
RANCHO MIRAGE,9
RANCHO MISSION VIEJO,1
RANCHO MURIETA,1
RANCHO PALOS VERDES,2
RANCHO SANTA FE,2
RANCHO SANTA MARGARITA,1
RANCHOS DE TAOS,1
RANDALLSTOWN,2
RANDOLPH,3
RANDOLPH CENTER,1
RANGELEY,1
RANKIN,1
RAPHINE,1
RAPID CITY,7
RATON,1
RAWLINS,1
RAWSONVILLE,1
RAYMOND,2
RAYMORE,2
RAYNHAM,3
RAYTOWN,2
READING,5
RED BANK,5
RED BLUFF,3
RED HOOK,5
RED LODGE,2
RED WING,3
REDDING,9
REDFORD,2
REDINGTON SHORES,2
REDLANDS,9
REDMOND,24
REDONDO BEACH,8
REDWOOD CITY,65
REEDLEY,3
REEDLY,1
REEDSBURG,1
REEDSPORT,3
REEDSVILLE,1
REEDVILLE,1
REGO PARK,3
REHOBOTH,1
REHOBOTH BEACH,9
REIDSVILLE,1
RENO,50
RENSSELAER,5
RENTON,30
REPUBLIC,1
RESCUE,1
RESEARCH TRIANGLE PARK,1
RESEDA,5
RESTON,23
REVA,1
REVERE,4
REYNOLDSBURG,4
RHINEBECK,4
RHINELANDER,2
RIALTO,3
RICH HILL,2
RICHARDSON,5
RICHFIELD,7
RICHLAND,7
RICHLAND CENTER,1
RICHMOND,80
RICHMOND HEIGHTS,3
RICHMOND HILL,1
"RICHMOND,",1
RICHWOOD,1
RICKREALL,1
RICO,1
RIDGEDALE,4
RIDGEFIELD,11
RIDGELAND,2
RIDGEWAY,1
RIDGWAY,1
RIDLEY PARK,1
RIFLE,1
RIO DELL,1
RIO RANCHO,4
RIO VISTA,1
RIPON,1
RITZVILLE,3
RIVER FALLS,1
RIVER GROVE,2
RIVERDALE,2
RIVERDALE PARK,2
RIVERHEAD,11
RIVERIA BEACH,1
RIVERSIDE,76
RIVERTON,7
RIVERVIEW,5
RIVIERA BEACH,2
ROANOKE,16
ROANOKE RAPIDS,5
ROBBINSDALE,2
ROBBINSVILLE,5
ROBINSONILLE,1
ROBINSONVILLE,1
ROCHE HARBOR,1
ROCHELLE PARK,2
ROCHEPORT,1
ROCHESTER,86
ROCHESTER HILLS,3
ROCK HILL,12
ROCK ISLAND,1
ROCK SPRINGS,3
ROCK VALLEY,1
ROCKAWAY,2
ROCKBRIDGE,1
ROCKFORD,10
ROCKINGHAM,1
ROCKLAND,8
ROCKLIN,8
ROCKPORT,4
ROCKVILLE,40
ROCKVILLE CENTRE,1
ROCKWALL,6
ROCKY HILL,2
ROCKY MOUNT,7
ROCKY RIVER,2
ROCKYHILL,1
RODANTHE,1
RODEO,1
ROELAND PARK,1
ROGERS,7
ROGERS CITY,1
ROGERSVILLE,1
ROHNERT PARK,11
ROLAND,1
ROLESVILLE,1
ROLLA,1
ROLLING HILLS ESTATES,5
ROLLING MEADOW,1
ROLLING MEADOWS,2
ROME,11
ROMEOVILLE,2
ROMNEY,1
ROMULUS,4
RONCEVERTE,1
RONKONKOMA,1
RONKS,1
ROSALIA,1
ROSCOE,1
ROSEBURG,7
ROSEDALE,3
ROSELAND,1
ROSELLE,1
ROSEMEAD,8
ROSEMONT,8
ROSEMOUNT,1
ROSENBERG,1
ROSEVILLE,39
ROSLYN,1
ROSSLYN,1
ROSWELL,16
ROUND ROCK,14
ROUND TOP,1
ROUSES POINT,1
ROWLAND HEIGHTS,2
ROWLETT,2
ROXBORO,1
ROXBURY,3
ROXBURY TOWNSHIP,1
ROY,3
ROYAL OAK,5
ROYAL PALM BEACH,1
ROYALTON,2
ROYSE CITY,1
"RTE 47, WASHINGTON",1
RUBY,1
RUIDOSO,2
RUNNING SPRINGS,1
RUSH,1
RUSHVILLE,2
RUSSELLS POINT,1
RUSSELLVILLE,2
RUSTON,2
RUTHERFORD,9
RUTLAND,8
RYE,4
RYE BROOK,1
SABILLASVILLE,1
SACO,2
SACRAMENTO,124
SACRANEMTO,1
SADDLE BROOK,1
SAFETY HARBOR,1
SAFFORD,1
SAG HARBOR,4
SAGAMORE BEACH,1
SAGINAW,1
SAINT AUGUSTINE,1
SAINT CHARLES,1
SAINT CLOUD,5
SAINT GEORGE,2
SAINT HELENA,7
SAINT JOHNSBURY,1
SAINT LOUIS,3
SAINT LOUIS COUNTY,1
SAINT LOUIS PARK,2
SAINT PAUL,19
SAINT PETE BEACH,2
SAINT PETERS,1
SAINT PETERSBURG,2
SAINT SIMONS ISLAND,1
SALADO,1
SALAMANCA,2
SALEM,51
SALIDA,7
SALINA,4
SALINAS,26
SALINE,4
SALISBURY,15
SALLISAW,1
SALMON,1
SALT LAKE CITY,108
SALTESE,1
SALUDA,1
SAMMAMISH,5
SAN ANGELO,1
SAN ANSELMO,5
SAN ANTONIO,89
SAN ARDO,1
SAN BERNARDINO,18
SAN BRUNO,10
SAN CARLOS,8
SAN CLEMENTE,7
SAN DIEGO,316
SAN DIMAS,6
SAN FERNANDO,8
SAN FRANCISCO,216
SAN GABRIEL,3
SAN JACINTO,2
SAN JOAQUIN,1
SAN JOSE,171
SAN JUAN,2
SAN JUAN BAUTISTA,1
SAN JUAN CAPISTRANO,3
SAN LEANDRO,16
SAN LUIS OBISPO,21
SAN MARCOS,19
SAN MARTIN,1
SAN MATEO,37
SAN MIGUEL,1
SAN PABLO,5
SAN PEDRO,10
SAN RAFAEL,32
SAN RAMON,19
SAN SIMEON,3
SAN YSIDRO,1
SAND SPRINGS,2
SANDESTIN,1
SANDPOINT,2
SANDSTON,1
SANDUSKY,3
SANDWICH,2
SANDY,16
SANDY SPRINGS,19
SANFORD,13
SANGER,4
SANIBEL,1
SANTA ANA,39
SANTA BARBARA,41
SANTA CLARA,71
SANTA CLARITA,15
SANTA CLAUS,3
SANTA CRUZ,24
SANTA FE,37
SANTA FE SPRINGS,3
SANTA MARGARITA,1
SANTA MARIA,13
SANTA MONICA,75
SANTA PAULA,1
SANTA ROSA,53
SANTA ROSA BEACH,1
SANTA YNEZ,5
SANTA YSABEL,2
SANTAQUIN,1
SANTEE,4
SAPULPA,1
SARALAND,1
SARANAC LAKE,6
SARASOTA,47
SARATOGA,3
SARATOGA SPRINGS,39
SARGENTS,1
SATELLITE BEACH,2
SAUGATUCK,1
SAUGERTIES,7
SAUGUS,2
SAUKVILLE,1
SAULT ST. MARIE,1
SAUSALITO,5
SAUTEE NACOOCHEE,3
SAVAGE,2
SAVANNAH,28
SAVOY,1
SAYRE,1
SCAPPOOSE,2
SCARBOROUGH,4
SCARSDALE,2
SCHAUMBURG,10
SCHENECTADY,31
SCHERERVILLE,3
SCHERTZ,1
SCHILLER PARK,6
SCHROON LAKE,2
SCHURZ,1
SCIPIO,1
SCITUATE,1
SCOTIA,3
SCOTT,2
SCOTT'S VALLEY,1
SCOTTS VALLEY,3
SCOTTSBLUFF,2
SCOTTSDALE,77
SCOTTSVILLE,1
SCRANTON,1
SEA ISLAND,1
SEA RANCH,1
SEA TAC,1
SEABROOK,2
SEAGROVE BEACH,1
SEAL BEACH,4
SEAL COVE,1
SEAL ROCK,1
SEARSPORT,1
SEASIDE,14
SEASIDE HEIGHTS,2
SEATAC,7
SEATTLE,220
SEAVIEW,1
SEBAGO,1
SEBASTOPOL,5
SEBEKA,1
SEBRING,10
SECAUCUS,6
SEDALIA,4
SEDONA,18
SEEKONK,1
SEFFNER,1
SEGUIN,3
SEILING,2
SELDEN,2
SELLERS,2
SELLERSVILLE,2
SELMA,7
SEMINOLE,3
SENECA,3
SEPULVEDA,1
SEQUIM,6
SETAUKET- EAST SETAUKET,1
SEVEN POINTS,1
SEVIERVILLE,4
SEWARD,5
SEYMOUR,2
SF,4
SHAKER HEIGHTS,2
SHAKOPEE,3
SHALLOTTE,1
SHAMROCK,1
SHANDON,1
SHARON,1
SHARONVILLE,1
SHARPSBURG,1
SHARPSVILLE,1
SHAWNEE,11
SHEBOYGAN,6
SHEFFIELD,2
SHEFFIELD VILLAGE,2
SHELBURNE,4
SHELBURNE FALLS,2
SHELBY,4
SHELBYVILLE,1
SHELDON,1
SHELTER ISLAND,2
SHELTON,6
SHENANDOAH,1
SHEPHERDSTOWN,4
SHEPHERDSVILLE,3
SHERBURN,1
SHERIDAN,3
SHERMAN,3
SHERMAN OAKS,10
SHERWOOD,8
SHINGLE SPRINGS,1
SHINGLETOWN,1
SHINNSTON,1
SHIPPENSBURG,1
SHIRLEY,1
SHORELINE,6
SHOREVIEW,2
SHOREWOOD,2
SHOREWOOD HILLS,1
SHREVEPORT,3
SHREWSBURY,2
SIDNEY,1
SIERRA VISTA,3
SIGNAL HILL,3
SILSBEE,1
SILT,1
SILVER CITY,1
SILVER SPRING,23
SILVERDALE,4
SILVERTHORNE,1
SILVERTON,3
SILVIS,2
SIMI VALLEY,13
SIMPSONVILLE,1
SIMSBURY,3
SIOUX CENTER,1
SIOUX CITY,3
SIOUX FALLS,7
SISTERS,4
SKAGWAY,1
SKANEATELES,2
SKOKIE,6
SKOWHEGAN,3
SKYKOMISH,3
SKYTOP,1
SLATERVILLE SPRINGS,1
SLEEPY HOLLOW,1
SLIDELL,4
SLINGERLANDS,5
SMELTERVILLE,1
SMITH RIVER,1
SMITHFIELD,9
SMITHTOWN,4
SMITHVILLE,2
SMYRNA,20
SNEADS FERRY,1
SNELLVILLE,4
SNOHOMISH,3
SNOQUALMIE,1
SNOQUALMIE PASS,1
SNOW HILL,2
SNOWBIRD,1
SNOWFLAKE,1
SNOWMASS VILLAGE,3
SNOWSHOE,1
SOAP LAKE,1
SOCORRO,1
SODA SPRINGS,4
SODUS,1
SOLANA BEACH,11
SOLDOTNA,2
SOLEDAD,2
SOLOMONS,2
SOLON,3
SOLVANG,7
SOMERDALE,1
SOMERS,1
SOMERSET,6
SOMERSVILLE,1
SOMERSWORTH,2
SOMERVILLE,12
SOMIS,1
SONOMA,9
SONORA,2
SOUTH BARRINGTON,1
SOUTH BEND,9
SOUTH BOSTON,1
SOUTH BRUNSWICK,1
SOUTH BRUNSWICK TOWNSHIP,1
SOUTH BURLINGTON,17
SOUTH CHARLESTON,4
SOUTH EL MONTE,2
SOUTH ELGIN,1
SOUTH GATE,3
SOUTH GLENS FALLS,1
SOUTH HAVEN,2
SOUTH HILL,1
SOUTH HOLLAND,3
SOUTH JORDAN,7
SOUTH KINGSTOWN,4
SOUTH LAKE TAHOE,21
SOUTH LONDONDERRY,1
SOUTH MIAMI,2
SOUTH NYACK,1
SOUTH ORANGE,2
SOUTH PADRE ISLAND,6
SOUTH PARIS,3
SOUTH PASADENA,4
SOUTH PORTLAND,10
SOUTH RIDING,1
SOUTH RIVER,1
SOUTH ROYALTON,1
SOUTH SACRAMENTO,1
SOUTH SALT LAKE,5
SOUTH SALT LAKE CITY,1
SOUTH SAN FRANCISCO,28
SOUTH SIOUX CITY,4
SOUTH WALES,1
SOUTH WELLFLEET,1
SOUTH WINDSOR,1
SOUTH YARMOTUH,1
SOUTHAMPTON,6
SOUTHAVEN,5
SOUTHBRIDGE,1
SOUTHBURY,2
SOUTHERN PINES,4
SOUTHFIELD,4
SOUTHGATE,1
SOUTHHAVEN,1
SOUTHINGTON,3
SOUTHLAKE,4
SOUTHOLD,2
SOUTHPORT,1
SOUTHWEST HARBOR,2
SOUTHWEST RANCHES,1
SPANAWAY,2
SPANISH FORK,2
SPARKILL,1
SPARKS,14
SPARKS GLENCOE,1
SPARTA,6
SPARTANBURG,11
SPEARFISH,2
SPECULATOR,2
SPENCER,5
SPENCERPORT,2
SPENCERTOWN,1
SPERRYVILLE,1
SPICER,1
SPOKANE,49
SPOKANE VALLEY,7
SPRING,11
SPRING HOUSE,2
SPRING VALLEY,2
SPRINGBORO,4
SPRINGDALE,10
SPRINGFIELD,83
SPRINGFIELD TOWNSHIP,1
SPRINGVILLE,4
SPUR,1
ST  MICHAELS,1
ST ALBANS CITY,1
ST AUGUSTINE,4
ST AUGUSTINE BEACH,1
ST CHARLES,3
ST CLAIR,2
ST GEORGE,3
ST HELENA,12
ST HELENS,1
ST JAMES,1
ST JOHNSBURY,1
ST JOSEPH,22
ST LOUIS,5
ST LOUIS PARK,2
ST MARYS,1
ST MICHAELS,1
ST PAUL,12
ST PETE BEACH,8
ST PETERSBURG,54
ST SIMONS ISLAND,2
ST. ALBANS,4
ST. AUGUSTINE,14
ST. CHARLES,8
ST. CLAIR SHORES,1
ST. CLOUD,2
ST. GEORGE,7
ST. HELENA,14
ST. HELENS,1
ST. JAMES,1
ST. JOHNS,2
ST. JOHNSBURY,1
ST. JOSEPH,3
ST. LOUIS,28
ST. LOUIS PARK,6
ST. MEINRAD,1
ST. MICHAEL,1
ST. MICHAELS,3
ST. PAUL,14
ST. PETE BEACH,1
ST. PETER,1
ST. PETERS,2
ST. PETERSBURG,9
ST. ROBERT,1
ST. SIMONS ISLAND,1
STAATSBURG,1
STAFFORD,7
STAFFORD SPRINGS,3
STAMFORD,18
STANDISH,2
STANFORD,12
STANHOPE,2
STANLEY,1
STANSBURY PARK,1
STANTON,3
STAPLES,1
STAR,1
STARKSBORO,1
STARKVILLE,6
STATE COLLEGE,14
STATELINE,5
STATEN ISLAND,15
STATESBORO,3
STATESVILLE,3
STAUNTON,7
STAUTON,1
STEAMBOAT SPRINGS,11
STEELE,1
STEILACOOM,1
STEPHENS CITY,1
STEPHENVILLE,1
STERLING,10
STERLING HEIGHTS,2
STEVENS POINT,5
STEVENSON,2
STEWARTVILLE,1
STIGLER,1
STILLWATER,7
STILWELL,3
STINSON BEACH,1
STOCKBRIDGE,1
STOCKTON,22
STONE HARBOR,1
STONE MOUNTAIN,3
STONE RIDGE,5
STONEHAM,4
STONINGTON,2
STONY BROOK,12
STONY CREEK,1
STORRS,5
STOUGHTON,7
STOW,1
STOWE,14
STRAKVILLE,1
STRASBURG,2
STRATFORD,4
STRATHAM,2
STRATTON,2
STREAMSONG,1
STREETSBORO,3
STROMSBURG,1
STRONGSVILLE,2
STROUD,2
STROUDSBURG,1
STUART,4
STUDIO CITY,11
STURBRIDGE,1
STURGEON BAY,5
STURGEON LAKE,1
SUDBURY,1
SUFFERN,4
SUFFIELD,1
SUFFOLK,1
SUGAR HILL,1
SUGAR LAND,9
SUGARLAND,1
SUISUN CITY,1
SUITLAND,1
SULLIVAN,1
SULPHUR,1
SULPHUR SPRINGS,1
SULTAN,1
SUMMERVILLE,1
SUMMIT,2
SUMMIT POINT,1
SUMNER,1
SUMTER,1
SUN PRAIRIE,3
SUN VALLEY,6
SUNBURY,4
SUNNY ISLES BEACH,5
SUNNYSIDE,1
SUNNYVALE,52
SUNRISE,7
SUNSET BEACH,1
SUNSET VALLEY,1
SUPERIOR,12
SUQUAMISH,1
SURFSIDE,4
SURPRISE,2
SUSANVILLE,2
SUTHERLIN,2
SUTTER CREEK,4
SUTTON,1
SUTTONS BAY,1
SUWANEE,3
SWANS ISLAND,2
SWANSBORO,1
SWANSEA,2
SWANTON,1
SWANZEY,2
SWARTHMORE,2
SWARTZ CREEK,1
SWEET SPRINGS,1
SWEETWATER,2
SYKESVILLE,3
SYLACAUGA,1
SYLMAR,5
SYLVA,1
SYLVANIA,1
SYOSSET,1
SYRACUSE,19
TABERNASH,2
TACNA,1
TACOMA,43
TAFT,2
TAHLEQUAH,5
TAHOE CITY,5
TAHOE VISTA,2
TAKOMA PARK,6
TALENT,1
TALIHINA,1
TALKEETNA,2
TALLAHASSEE,18
TAMARAC,2
TAMPA,85
TANEYTOWN,1
TANNERSVILLE,3
TAOS,2
TAOS SKI VALLEY,1
TARPON SPRINGS,7
TARRYTOWN,5
TARZANA,6
TAUNTON,1
TAVARES,5
TAVERNIER,1
TAYLOR,2
TAYLORS FALLS,1
TAYLORSVILLE,6
TEANECK,1
TEGA CAY,1
TEHACHAPI,2
TELLURIDE,3
TEMECULA,23
TEMPE,47
TEMPLE,1
TEMPLE CITY,1
TEMPLE HILLS,1
TEMPLETON,7
TERRE HAUTE,3
TETON VILLAGE,3
TEWKSBURY,3
TEXARKANA,1
TEXAS CITY,2
THACKERVILLE,2
THE COLONY,4
THE DALLES,5
THE PLAINS,1
THE VILLAGE,1
THE WOODLANDS,9
THERMAL,1
THIENSVILLE,1
THOMASVILLE,4
THOMPSONVILLE,2
THOMSON,1
THORNTON,11
THOUSAND OAKS,25
THREE LAKES,1
THREE OAKS,1
THREE RIVERS,2
THURMONT,2
TIBURON,3
TICONDEROGA,1
TIFTON,9
TIGARD,16
TILLAMOOK,5
TILTON,2
TIMNATH,3
TIMONIUM,1
TINLEY PARK,2
TINTON FALLS,2
TIPP CITY,4
TITUSVILLE,5
TIVERTON,1
TIVOLI,2
TOCCOA,2
TOFTE,1
TOLEDO,11
TOLOVANA PARK,1
TOMAH,3
TOMBALL,3
TOMBSTONE,1
TOMS RIVER,2
TONASKET,1
TONAWANDA,6
TONEY,1
TONOPAH,2
TOOELE,2
TOPEKA,11
TOPEKA OCL,1
TOPSFIELD,1
TOPSHAM,3
TORRANCE,44
"TORRANCE, CA",1
TORREY,1
TORRINGTON,3
TOTOWA,1
TOWANDA,2
TOWER LAKES,1
TOWNSEND,1
TOWNSHEND,1
TOWSON,9
TRACY,5
TRAVELERS REST,1
TRAVER,1
TRAVERSE CITY,13
TRAVIS AIR FORCE BASE,1
TREASURE ISLAND,3
TREMONTON,4
TRENTON,8
TREVOSE,1
TRIADELPHIA,2
TRINIDAD,5
TROPIC,1
TROUTDALE,5
TROUTVILLE,1
TROY,30
TRUCKEE,16
TRUMANSBURG,2
TRUMBULL,1
TRUTH OR CONSEQUENCES,1
TRYON,1
TUALATIN,4
TUBA CITY,1
TUCKAHOE,1
TUCKER,5
TUCSON,48
TUCUMCARI,3
TUKWILA,9
TULALIP,1
TULARE,4
TULLAHOMA,1
TULSA,39
TUMWATER,5
TUNKHANNOCK,1
TUOLUMNE,1
TUPELO,4
TUPPER LAKE,6
TURKEY LAKE,1
TURLOCK,10
TURNER,1
TURNERS FALLS,1
TURNERSVILLE,1
TUSAYAN,1
TUSCALOOSA,8
TUSTIN,9
TWAIN HARTE,1
TWENTYNINE PALMS,2
TWIN BRIDGES,1
TWIN FALLS,4
TWINSBURB,1
TWINSBURG,3
TWISP,1
TWO HARBORS,2
TWO RIVERS,1
TYLER,6
TYNGSBOROUGH,2
TYSONS,4
TYSONS CORNER,2
UKIAH,10
UNCASVILLE,2
UNION,7
UNION BEACH,1
UNION CITY,8
UNION SPRINGS,1
UNIONDALE,2
UNIONTOWN,1
UNITY,3
UNITY VILLAGE,2
UNIVERSAL CITY,17
UNIVERSITY,2
UNIVERSITY PARK,1
UNIVERSITY PLACE,3
UPLAND,4
UPPER ARLINGTON,3
UPPER LAKE,1
UPPER MARLBORO,4
UPPER SADDLE RIVER,1
UPPER ST. CLAIR,1
URBANA,4
URBANDALE,4
UTICA,4
UVALDE,1
UXBRIDGE,2
VACAVILLE,22
VAIL,14
VALATIE,2
VALDESE,1
VALDOSTA,9
VALENCIA,8
VALHALLA,4
VALLEJO,12
VALLEY,1
VALLEY CENTER,1
VALLEY STREAM,3
VALLEY VILLAGE,2
VALPARAISO,3
VALRICO,1
VAN HORN,2
VAN NUYS,16
VAN WERT,1
VANCOUVER,36
VANDALIA,2
VASHON,1
VENETA,1
VENICE,8
VENTURA,35
VERGENNES,2
VERMILLION,1
VERNAL,1
VERNON,2
VERNON HILLS,4
VERO BEACH,7
VERONA,13
VERSAILLES,2
VESTAL,2
VESUVIUS,1
VICKSBURG,1
VICTOR,3
VICTORIA,3
VICTORVILLE,11
VIDALIA,1
VIDOR,1
VIENNA,18
VILLA PARK,2
VILLANOVA,1
VINCENNES,2
VINELAND,1
VINITA,1
VINTON,1
VIRGINIA,1
VIRGINIA BEACH,30
VIRGINIA CITY,2
VIROQUA,1
VISALIA,12
VISTA,8
VISTA DR,1
VOORHEES TOWNSHIP,1
VOORHEESVILLE,2
WA,1
WABASH,2
WACO,5
WADDINGTON,1
WADENA,1
WADESBORO,1
WADSWORTH,2
WAGON MOUND,1
WAGONER,1
WAHIAWA,1
WAIANAE,2
WAIKOLOA,3
WAILEA,3
WAILUKU,9
WAIMEA,1
WAIPAHU,11
WAITSBURG,1
WAITSFIELD,5
WAKE FOREST,8
WAKEFIELD,9
WALDORF,8
WALDPORT,2
WALKER,2
WALL,1
WALLA WALLA,15
WALLACE,2
WALLAND,1
WALLED LAKE,1
WALLINGFORD,5
WALNUT,3
WALNUT CREEK,30
WALNUT GROVE,2
WALPOLE,2
WALSENBURG,1
WALTERBORO,3
WALTERS,1
WALTHAM,23
WAMEGO,1
WANTAUGH,2
WAPATO,1
WAPPINGERS FALLS,2
WAREHAM,1
WARM SPRINGS,1
WARMINSTER,4
WARNER ROBBINS,1
WARNER ROBINS,5
WARREN,20
WARRENSBURG,4
WARRENTON,7
WARRINGTON,2
WARSAW,3
WARWICK,22
WASCO,1
WASHINGTON,181
WASHINGTON HEIGHTS,1
WASHINGTON TOWNSHIP,2
WASILLA,1
WATAUGA,1
WATCH HILL,1
WATER MILL,3
WATERBURY,16
WATERFORD,7
WATERLOO,8
WATERTOWN,18
WATERVILLE,8
WATERVILLE VALLEY,1
WATERVLIET,13
WATFORD CITY,1
WATKINS GLEN,1
WATSONVILLE,10
WAUKEE,6
WAUKEGAN,4
WAUKESHA,5
WAUNAKEE,2
WAUPACA,2
WAUPUN,1
WAUSAU,7
WAUTOMA,1
WAUWATOSA,3
WAVERLY,2
WAXAHACHIE,1
WAYLAND,7
WAYNE,6
WAYNESBORO,2
WAYNESVILLE,3
WAYZATA,3
WEATHERFORD,4
WEAVERVILLE,4
WEBSTER,7
WEBSTER GROVES,1
WEED,1
WEEHAWKEN,1
WEKIVA SPRINGS,1
WELCHES,2
WELLESLEY,11
WELLFLEET,3
WELLINGTON,1
WELLS,1
WELLSVILLE,1
WENATCHEE,15
WENDOVER,1
WENHAM,1
WENTZVILLE,1
WERNERSVILLE,1
WESLEY CHAPEL,1
WEST ALLIS,1
WEST BABYLON,1
WEST BADEN SPRINGS,1
WEST BEND,2
WEST BLOOMFIELD CHARTER TOWNSHIP,1
WEST BLOOMFIELD TOWNSHIP,1
WEST BRANCH,1
WEST BRIDGEWATER,1
WEST BURLINGTON,2
WEST CHESTER,12
WEST CHICAGO,2
WEST COLUMBIA,2
WEST COVINA,8
WEST DES MOINES,4
WEST DUNDEE,2
WEST FARGO,3
WEST GARDINER,1
WEST GREENWICH,1
WEST GROVE,1
WEST HARTFORD,9
WEST HAVEN,2
WEST HENRIETTA,2
WEST HILLS,2
WEST HOLLYWOOD,24
WEST JEFFERSON,2
WEST JORDAN,2
WEST LAFAYETTE,7
WEST LAKE HILLS,1
WEST LEBANON,1
WEST LIBERTY,2
WEST LONG BRANCH,2
WEST MELBOURNE,1
WEST MEMPHIS,2
WEST MIAMI,1
WEST MILWAUKEE,1
WEST MONROE,1
WEST NEW YORK,1
WEST NYACK,1
WEST ORANGE,4
WEST PALM BEACH,30
WEST PLAINS,1
WEST POINT,2
WEST SACRAMENTO,8
WEST SAINT PAUL,1
WEST SIMSBURY,2
WEST SPRINGFIELD,11
WEST UNION,2
WEST UNITY,2
WEST VALLEY,1
WEST VALLEY CITY,11
WEST WARWICK,4
WEST WENDOVER,1
WEST WINDSOR TOWNSHIP,1
WEST YARMOUTH,1
WEST YELLOWSTONE,3
WESTBOROUGH,4
WESTBROOK,4
WESTBURY,3
WESTCHESTER,1
WESTERLY,2
WESTERN SPRINGS,1
WESTERVILLE,4
WESTFIELD,7
WESTFORD,3
WESTHAMPTON BEACH,2
WESTLAKE,5
WESTLAKE VILLAGE,13
WESTLAND,1
WESTMINSTER,41
WESTMORELAND,1
WESTON,3
WESTOVER,1
WESTPORT,14
WESTWEGO,1
WESTWOOD,4
WESTWORTH VILLAGE,1
WETHERSFIELD,3
WEXFORD,4
WEYMOUTH,2
WHARTON,3
WHEAT RIDGE,1
WHEATLAND,2
WHEATON,3
WHEATON-GLENMONT,1
WHEELER,1
WHEELING,4
WHISPER VALLEY,1
WHITE,1
WHITE BEAR LAKE,1
WHITE HALL,1
WHITE MARSH,5
WHITE PLAINS,14
WHITE RIVER JUNCTION,3
WHITE SULPHUR SPRINGS,2
WHITEFISH,3
WHITEHALL,1
WHITESBORO,1
WHITESTOWN,1
WHITEWATER,2
WHITING,1
WHITSETT,1
WHITTIER,7
WICHITA,9
WICHITA FALLS,2
WICKENBURG,1
WILBURTON,1
WILDER,1
WILDOMAR,2
WILDWOOD,2
WILDWOOD CREST,1
WILKES BARRE,2
WILKES-BARRE,2
WILKES-BARRE TOWNSHIP,1
WILKESBORO,3
WILLARD,1
WILLCOX,1
WILLIAMS,7
WILLIAMSBURG,21
WILLIAMSPORT,1
WILLIAMSTOWN,14
WILLIAMSVILLE,6
WILLIMANTIC,2
WILLISTON,5
WILLITS,5
WILLMAR,1
WILLOUGHBY HILLS,1
WILLOW BEACH,1
WILLOW CREEK,1
WILLOW GROVE,2
WILLOW ST,1
WILLOWBROOK,2
WILLOWS,2
WILMINGTON,37
WILSON,6
WILSONVILLE,8
WILTON,2
WILTON MANOR,1
WILTON MANORS,2
WIMBERLEY,4
WINCHENDON,2
WINCHESTER,9
WINDHAM,4
WINDSOR,13
WINDSOR LOCKS,2
WINDSOR MILL,1
WINNEMUCCA,4
WINNETKA,2
WINONA,5
WINSLOW,2
WINSTON-SALEM,11
WINTER GARDEN,2
WINTER HAVEN,1
WINTER PARK,24
WINTERS,3
WINTERSET,1
WINTERVILLE,1
WINTHROP,3
WISCASSET,1
WISCONSIN DELLS,4
WIXOM,2
WOBURN,5
WOLF CREEK,1
WOLFEBORO,1
WOOD RIVER,1
WOOD VILLAGE,1
WOODBRIDGE,18
WOODBRIDGE TOWNSHIP,1
WOODBURN,6
WOODBURY,5
WOODCLIFF LAKE,5
WOODFORD,1
WOODINVILLE,8
WOODLAND,18
WOODLAND HILLS,8
WOODLAND PARK,4
WOODLAWN,1
WOODRIDGE,1
WOODS HOLE,1
WOODSIDE,3
WOODSTOCK,18
WOODSTOWN,1
WOODWARD,3
WOOLWICH TOWNSHIP,1
WOONSOCKET,2
WOOSTER,6
WORCESTER,22
WORTHINGTON,4
WYE MILLS,1
WYNANTSKILL,1
WYNCOTE,1
WYNDMOOR,1
WYNNE,1
WYNNEWOOD,3
WYOMING,2
WYTHEVILLE,4
YACHATS,3
YAKIMA,8
YAMHILL,1
YAMPA,2
YANTIC,1
YAPHANK,1
YARMOUTH,1
YELLOW SPRING,1
YELLOW SPRINGS,2
YERINGTON,1
YERMO,3
YONKERS,5
YORBA LINDA,10
YORK,15
YORK HARBOR,1
YORKTOWN,4
YORKTOWN HEIGHTS,3
YORKVILLE,1
YOSEMITE NATIONAL PARK,2
YOSEMITE VALLEY,1
YOUNG HARRIS,1
YOUNGSTOWN,1
YOUNTVILLE,7
YPSILANTI,2
YREKA,3
YUBA CITY,4
YUCCA VALLEY,2
YUKON,4
YULEE,2
YUMA,3
ZANESVILLE,2
ZEELAND,7
ZELIENOPLE,1
ZEPHYR COVE,1
ZEPHYRHILLS,5
ZILLAH,1
ZION CROSSROADS,1
ZIONSVILLE,2
ZUMBROTA,1
